Platz,Name,ELO_Global,ELO_Xtreme,Matches_Xtreme,Wins_Xtreme,Winrate_Xtreme,ELO_DropAttack,Matches_DropAttack,Wins_DropAttack,Winrate_DropAttack,ELO_DoubleXtreme,Matches_DoubleXtreme,Wins_DoubleXtreme,Winrate_DoubleXtreme
1,ImpactDrake,1140,1140,56,37,66.1%,1000,2,1,50.0%,1000,0,0,0.0%
2,DranSword,1124,1124,48,31,64.6%,957,2,0,0.0%,1000,0,0,0.0%
3,FoxBrush,1123,1123,50,33,66.0%,980,1,0,0.0%,1000,0,0,0.0%
4,SilverWolf,1116,1116,42,26,61.9%,1000,0,0,0.0%,1000,0,0,0.0%
5,TuskMammoth,1115,1115,63,41,65.1%,985,5,2,40.0%,1000,0,0,0.0%
6,SharkScale,1100,1100,33,20,60.6%,1046,4,3,75.0%,1000,0,0,0.0%
7,ValkyrieVolt,1084,1084,31,18,58.1%,1170,7,7,100.0%,1000,0,0,0.0%
8,HellsBrave,1065,1065,25,16,64.0%,1000,0,0,0.0%,1000,0,0,0.0%
9,HellsChain,1065,1065,39,23,59.0%,997,2,1,50.0%,1000,0,0,0.0%
10,DranBrave,1063,1063,39,23,59.0%,986,1,0,0.0%,1000,0,0,0.0%
11,WeissTiger,1062,1062,41,24,58.5%,976,1,0,0.0%,1000,0,0,0.0%
12,ViperTail,1041,1041,35,18,51.4%,1000,0,0,0.0%,1000,0,0,0.0%
13,LeonCrest,1034,1034,40,20,50.0%,982,4,1,25.0%,1000,0,0,0.0%
14,CobaltDragoon,1033,1033,42,21,50.0%,1000,2,1,50.0%,1000,0,0,0.0%
15,ShelterDrake,1027,1027,4,3,75.0%,1000,0,0,0.0%,983,1,0,0.0%
16,TriceraPress,1025,1025,11,6,54.5%,1000,0,0,0.0%,1116,8,7,87.5%
17,ScorpioSpear,1020,1020,44,20,45.5%,1087,4,4,100.0%,1000,0,0,0.0%
18,CerberusFlame,1020,1020,42,21,50.0%,1000,0,0,0.0%,1000,0,0,0.0%
19,TyrannoRoar,1018,1018,10,7,70.0%,1000,0,0,0.0%,971,3,1,33.3%
20,MeteorDragoon,1013,1013,5,3,60.0%,1000,0,0,0.0%,1010,4,2,50.0%
21,HellsReaper,1007,1007,37,18,48.6%,1000,0,0,0.0%,1000,0,0,0.0%
22,RhinoReaper,1007,1007,35,17,48.6%,1000,0,0,0.0%,1000,0,0,0.0%
23,PhoenixFlare,1005,1005,3,2,66.7%,1000,0,0,0.0%,987,1,0,0.0%
24,SamuraiSteel,1004,1004,3,2,66.7%,1000,0,0,0.0%,998,6,3,50.0%
25,LeonClaw,1003,1003,33,17,51.5%,961,2,0,0.0%,1000,0,0,0.0%
26,GolemRock,1003,1003,43,20,46.5%,976,1,0,0.0%,1000,0,0,0.0%
27,DranDagger,1002,1002,40,20,50.0%,988,5,2,40.0%,1070,5,4,80.0%
28,DranStrike,1000,1000,0,0,0.0%,1000,0,0,0.0%,1000,0,0,0.0%
29,MummyCurse,1000,1000,0,0,0.0%,1000,0,0,0.0%,1000,0,0,0.0%
30,BulletGriffon,1000,1000,0,0,0.0%,1000,0,0,0.0%,1000,0,0,0.0%
31,BahamutBlitz,1000,1000,0,0,0.0%,1000,0,0,0.0%,1000,0,0,0.0%
32,BrachioWhip,1000,1000,0,0,0.0%,1000,0,0,0.0%,1000,0,0,0.0%
33,KnightMail,998,998,39,18,46.2%,1000,0,0,0.0%,1000,0,0,0.0%
34,WizardArc,989,989,25,12,48.0%,1049,7,5,71.4%,1000,0,0,0.0%
35,WolfHunt,988,988,16,8,50.0%,986,1,0,0.0%,1052,5,4,80.0%
36,DranBuster,983,983,24,11,45.8%,976,1,0,0.0%,977,1,0,0.0%
37,GhostCircle,981,981,3,1,33.3%,1000,0,0,0.0%,980,1,0,0.0%
38,ClockMirage,980,980,11,6,54.5%,1000,0,0,0.0%,1022,3,2,66.7%
39,PhoenixRudder,980,980,27,13,48.1%,1000,0,0,0.0%,1000,0,0,0.0%
40,PhoenixWing,980,980,38,17,44.7%,962,6,2,33.3%,1000,0,0,0.0%
41,CrimsonGaruda,978,978,29,13,44.8%,1002,2,1,50.0%,976,1,0,0.0%
42,HellsHammer,978,978,25,12,48.0%,1000,0,0,0.0%,1000,0,0,0.0%
43,UnicornSting,977,977,26,12,46.2%,1000,0,0,0.0%,986,1,0,0.0%
44,PerseusDark,974,974,36,16,44.4%,1005,2,1,50.0%,1000,0,0,0.0%
45,CobaltDrake,967,967,22,9,40.9%,1013,6,3,50.0%,1020,4,3,75.0%
46,SamuraiCalibur,952,952,2,0,0.0%,978,1,0,0.0%,921,4,0,0.0%
47,BlackShell,949,949,16,6,37.5%,1000,0,0,0.0%,1000,2,1,50.0%
48,WyvernHover,937,937,24,8,33.3%,1000,0,0,0.0%,1000,0,0,0.0%
49,SolEclipse,931,931,27,9,33.3%,961,2,0,0.0%,987,1,0,0.0%
50,WhaleWave,929,929,26,9,34.6%,1004,5,3,60.0%,991,2,1,50.0%
51,SharkEdge,927,927,38,15,39.5%,980,1,0,0.0%,1000,0,0,0.0%
52,EmperorMight,920,920,10,2,20.0%,996,4,2,50.0%,980,1,0,0.0%
53,WhaleFlame,912,912,11,3,27.3%,1000,0,0,0.0%,980,1,0,0.0%
54,PegasusBlast,903,903,12,3,25.0%,1006,5,3,60.0%,981,1,0,0.0%
55,WizardRod,884,884,26,8,30.8%,997,3,2,66.7%,988,1,0,0.0%
56,SamuraiSaber,867,867,13,2,15.4%,1011,5,3,60.0%,998,2,1,50.0%
57,TyrannoBeat,867,867,21,5,23.8%,1042,6,4,66.7%,1042,2,2,100.0%
58,WizardArrow,864,864,11,1,9.1%,966,2,0,0.0%,985,1,0,0.0%
