FixtureID,Date,BeyA,BeyB,MatchType,SeasonID,Tier,Matchday
S2_T4_DranDagger_WizardArc,,WizardArc,DranDagger,season,S2,4,1
S2_T4_PhoenixRudder_SolEclipse,,SolEclipse,PhoenixRudder,season,S2,4,1
S2_T4_CobaltDrake_WolfHunt,,WolfHunt,CobaltDrake,season,S2,4,1
S2_T4_HellsBrave_HellsHammer,,HellsBrave,HellsHammer,season,S2,4,1
S2_T3_PerseusDark_PhoenixWing,,PhoenixWing,PerseusDark,season,S2,3,1
S2_T3_HellsReaper_SharkEdge,,HellsReaper,SharkEdge,season,S2,3,1
S2_T3_RhinoReaper_SilverWolf,,SilverWolf,RhinoReaper,season,S2,3,1
S2_T3_HellsChain_LeonClaw,,LeonClaw,HellsChain,season,S2,3,1
S2_T2_CobaltDragoon_WyvernHover,,WyvernHover,CobaltDragoon,season,S2,2,1
S2_T2_DranSword_ViperTail,,DranSword,ViperTail,season,S2,2,1
S2_T2_CerberusFlame_WeissTiger,,WeissTiger,CerberusFlame,season,S2,2,1
S2_T2_DranBrave_KnightMail,,KnightMail,DranBrave,season,S2,2,1
S2_T1_ImpactDrake_ScorpioSpear,,ScorpioSpear,ImpactDrake,season,S2,1,1
S2_T1_LeonCrest_SharkScale,,SharkScale,LeonCrest,season,S2,1,1
S2_T1_GolemRock_ValkyrieVolt,,ValkyrieVolt,GolemRock,season,S2,1,1
S2_T1_FoxBrush_TuskMammoth,,TuskMammoth,FoxBrush,season,S2,1,1
S2_T4_CobaltDrake_HellsBrave,,CobaltDrake,HellsBrave,season,S2,4,2
S2_T4_HellsHammer_WizardArc,,HellsHammer,WizardArc,season,S2,4,2
S2_T4_PhoenixRudder_WolfHunt,,PhoenixRudder,WolfHunt,season,S2,4,2
S2_T4_DranDagger_SolEclipse,,DranDagger,SolEclipse,season,S2,4,2
S2_T3_LeonClaw_RhinoReaper,,RhinoReaper,LeonClaw,season,S2,3,2
S2_T3_HellsChain_PhoenixWing,,HellsChain,PhoenixWing,season,S2,3,2
S2_T3_SharkEdge_SilverWolf,,SharkEdge,SilverWolf,season,S2,3,2
S2_T3_HellsReaper_PerseusDark,,PerseusDark,HellsReaper,season,S2,3,2
S2_T2_CerberusFlame_KnightMail,,CerberusFlame,KnightMail,season,S2,2,2
S2_T2_DranBrave_WyvernHover,,DranBrave,WyvernHover,season,S2,2,2
S2_T2_ViperTail_WeissTiger,,ViperTail,WeissTiger,season,S2,2,2
S2_T2_CobaltDragoon_DranSword,,CobaltDragoon,DranSword,season,S2,2,2
S2_T1_GolemRock_TuskMammoth,,GolemRock,TuskMammoth,season,S2,1,2
S2_T1_FoxBrush_ScorpioSpear,,FoxBrush,ScorpioSpear,season,S2,1,2
S2_T1_LeonCrest_ValkyrieVolt,,LeonCrest,ValkyrieVolt,season,S2,1,2
S2_T1_ImpactDrake_SharkScale,,ImpactDrake,SharkScale,season,S2,1,2
S2_T4_HellsBrave_PhoenixRudder,,HellsBrave,PhoenixRudder,season,S2,4,3
S2_T4_DranDagger_WolfHunt,,WolfHunt,DranDagger,season,S2,4,3
S2_T4_SolEclipse_WizardArc,,WizardArc,SolEclipse,season,S2,4,3
S2_T4_CobaltDrake_HellsHammer,,HellsHammer,CobaltDrake,season,S2,4,3
S2_T3_LeonClaw_SharkEdge,,LeonClaw,SharkEdge,season,S2,3,3
S2_T3_PerseusDark_SilverWolf,,SilverWolf,PerseusDark,season,S2,3,3
S2_T3_HellsReaper_PhoenixWing,,PhoenixWing,HellsReaper,season,S2,3,3
S2_T3_HellsChain_RhinoReaper,,HellsChain,RhinoReaper,season,S2,3,3
S2_T2_KnightMail_ViperTail,,KnightMail,ViperTail,season,S2,2,3
S2_T2_CobaltDragoon_WeissTiger,,WeissTiger,CobaltDragoon,season,S2,2,3
S2_T2_DranSword_WyvernHover,,WyvernHover,DranSword,season,S2,2,3
S2_T2_CerberusFlame_DranBrave,,DranBrave,CerberusFlame,season,S2,2,3
S2_T1_LeonCrest_TuskMammoth,,TuskMammoth,LeonCrest,season,S2,1,3
S2_T1_ImpactDrake_ValkyrieVolt,,ValkyrieVolt,ImpactDrake,season,S2,1,3
S2_T1_ScorpioSpear_SharkScale,,ScorpioSpear,SharkScale,season,S2,1,3
S2_T1_FoxBrush_GolemRock,,FoxBrush,GolemRock,season,S2,1,3
S2_T4_SolEclipse_WolfHunt,,SolEclipse,WolfHunt,season,S2,4,4
S2_T4_HellsHammer_PhoenixRudder,,PhoenixRudder,HellsHammer,season,S2,4,4
S2_T4_DranDagger_HellsBrave,,DranDagger,HellsBrave,season,S2,4,4
S2_T4_CobaltDrake_WizardArc,,CobaltDrake,WizardArc,season,S2,4,4
S2_T3_HellsReaper_SilverWolf,,HellsReaper,SilverWolf,season,S2,3,4
S2_T3_HellsChain_SharkEdge,,SharkEdge,HellsChain,season,S2,3,4
S2_T3_LeonClaw_PerseusDark,,PerseusDark,LeonClaw,season,S2,3,4
S2_T3_PhoenixWing_RhinoReaper,,RhinoReaper,PhoenixWing,season,S2,3,4
S2_T2_DranSword_WeissTiger,,DranSword,WeissTiger,season,S2,2,4
S2_T2_DranBrave_ViperTail,,ViperTail,DranBrave,season,S2,2,4
S2_T2_CobaltDragoon_KnightMail,,CobaltDragoon,KnightMail,season,S2,2,4
S2_T2_CerberusFlame_WyvernHover,,CerberusFlame,WyvernHover,season,S2,2,4
S2_T1_SharkScale_ValkyrieVolt,,SharkScale,ValkyrieVolt,season,S2,1,4
S2_T1_FoxBrush_LeonCrest,,LeonCrest,FoxBrush,season,S2,1,4
S2_T1_ImpactDrake_TuskMammoth,,ImpactDrake,TuskMammoth,season,S2,1,4
S2_T1_GolemRock_ScorpioSpear,,GolemRock,ScorpioSpear,season,S2,1,4
S2_T4_CobaltDrake_PhoenixRudder,,CobaltDrake,PhoenixRudder,season,S2,4,5
S2_T4_HellsBrave_SolEclipse,,HellsBrave,SolEclipse,season,S2,4,5
S2_T4_DranDagger_HellsHammer,,HellsHammer,DranDagger,season,S2,4,5
S2_T4_WizardArc_WolfHunt,,WizardArc,WolfHunt,season,S2,4,5
S2_T3_RhinoReaper_SharkEdge,,RhinoReaper,SharkEdge,season,S2,3,5
S2_T3_HellsReaper_LeonClaw,,LeonClaw,HellsReaper,season,S2,3,5
S2_T3_HellsChain_PerseusDark,,HellsChain,PerseusDark,season,S2,3,5
S2_T3_PhoenixWing_SilverWolf,,PhoenixWing,SilverWolf,season,S2,3,5
S2_T2_CerberusFlame_ViperTail,,CerberusFlame,ViperTail,season,S2,2,5
S2_T2_DranSword_KnightMail,,KnightMail,DranSword,season,S2,2,5
S2_T2_CobaltDragoon_DranBrave,,DranBrave,CobaltDragoon,season,S2,2,5
S2_T2_WeissTiger_WyvernHover,,WyvernHover,WeissTiger,season,S2,2,5
S2_T1_GolemRock_LeonCrest,,GolemRock,LeonCrest,season,S2,1,5
S2_T1_SharkScale_TuskMammoth,,TuskMammoth,SharkScale,season,S2,1,5
S2_T1_FoxBrush_ImpactDrake,,FoxBrush,ImpactDrake,season,S2,1,5
S2_T1_ScorpioSpear_ValkyrieVolt,,ScorpioSpear,ValkyrieVolt,season,S2,1,5
S2_T4_HellsHammer_SolEclipse,,SolEclipse,HellsHammer,season,S2,4,6
S2_T4_CobaltDrake_DranDagger,,DranDagger,CobaltDrake,season,S2,4,6
S2_T4_PhoenixRudder_WizardArc,,PhoenixRudder,WizardArc,season,S2,4,6
S2_T4_HellsBrave_WolfHunt,,WolfHunt,HellsBrave,season,S2,4,6
S2_T3_HellsChain_HellsReaper,,HellsReaper,HellsChain,season,S2,3,6
S2_T3_PerseusDark_RhinoReaper,,PerseusDark,RhinoReaper,season,S2,3,6
S2_T3_PhoenixWing_SharkEdge,,SharkEdge,PhoenixWing,season,S2,3,6
S2_T3_LeonClaw_SilverWolf,,SilverWolf,LeonClaw,season,S2,3,6
S2_T2_DranBrave_DranSword,,DranSword,DranBrave,season,S2,2,6
S2_T2_CerberusFlame_CobaltDragoon,,CobaltDragoon,CerberusFlame,season,S2,2,6
S2_T2_ViperTail_WyvernHover,,ViperTail,WyvernHover,season,S2,2,6
S2_T2_KnightMail_WeissTiger,,WeissTiger,KnightMail,season,S2,2,6
S2_T1_FoxBrush_SharkScale,,SharkScale,FoxBrush,season,S2,1,6
S2_T1_GolemRock_ImpactDrake,,ImpactDrake,GolemRock,season,S2,1,6
S2_T1_LeonCrest_ScorpioSpear,,LeonCrest,ScorpioSpear,season,S2,1,6
S2_T1_TuskMammoth_ValkyrieVolt,,ValkyrieVolt,TuskMammoth,season,S2,1,6
S2_T4_HellsHammer_WolfHunt,,HellsHammer,WolfHunt,season,S2,4,7
S2_T4_HellsBrave_WizardArc,,WizardArc,HellsBrave,season,S2,4,7
S2_T4_CobaltDrake_SolEclipse,,CobaltDrake,SolEclipse,season,S2,4,7
S2_T4_DranDagger_PhoenixRudder,,PhoenixRudder,DranDagger,season,S2,4,7
S2_T3_HellsChain_SilverWolf,,HellsChain,SilverWolf,season,S2,3,7
S2_T3_LeonClaw_PhoenixWing,,PhoenixWing,LeonClaw,season,S2,3,7
S2_T3_HellsReaper_RhinoReaper,,RhinoReaper,HellsReaper,season,S2,3,7
S2_T3_PerseusDark_SharkEdge,,SharkEdge,PerseusDark,season,S2,3,7
S2_T2_DranBrave_WeissTiger,,DranBrave,WeissTiger,season,S2,2,7
S2_T2_KnightMail_WyvernHover,,WyvernHover,KnightMail,season,S2,2,7
S2_T2_CerberusFlame_DranSword,,CerberusFlame,DranSword,season,S2,2,7
S2_T2_CobaltDragoon_ViperTail,,ViperTail,CobaltDragoon,season,S2,2,7
S2_T1_FoxBrush_ValkyrieVolt,,FoxBrush,ValkyrieVolt,season,S2,1,7
S2_T1_ScorpioSpear_TuskMammoth,,ScorpioSpear,TuskMammoth,season,S2,1,7
S2_T1_GolemRock_SharkScale,,GolemRock,SharkScale,season,S2,1,7
S2_T1_ImpactDrake_LeonCrest,,LeonCrest,ImpactDrake,season,S2,1,7
