Event,MatchIndex,Played,PassiveChange,Date,Bey,ELO,Position,Spiele,Siege,Niederlagen,Winrate
499,1,1,0,2026-04-25,SamuraiSteel,1016,1,1,1,0,1.0
499,1,1,0,2026-04-25,SamuraiCalibur,984,2,1,0,1,0.0
500,2,1,0,2026-04-25,SamuraiSteel,993,2,2,1,1,0.5
500,1,1,0,2026-04-25,TriceraPress,1021,1,1,1,0,1.0
500,1,0,1,2026-04-25,SamuraiCalibur,984,3,1,0,1,0.0
501,2,1,0,2026-04-25,TriceraPress,1004,2,2,1,1,0.5
501,2,0,1,2026-04-25,SamuraiSteel,993,3,2,1,1,0.5
501,1,1,0,2026-04-25,CobaltDrake,1014,1,1,1,0,1.0
501,1,0,1,2026-04-25,SamuraiCalibur,984,4,1,0,1,0.0
502,3,1,0,2026-04-25,SamuraiSteel,981,4,3,1,2,0.3333333333333333
502,2,1,0,2026-04-25,CobaltDrake,1027,1,2,2,0,1.0
502,1,0,1,2026-04-25,SamuraiCalibur,984,3,1,0,1,0.0
503,3,0,1,2026-04-25,SamuraiSteel,981,3,3,1,2,0.3333333333333333
503,3,1,0,2026-04-25,CobaltDrake,1047,1,3,3,0,1.0
503,2,1,0,2026-04-25,SamuraiCalibur,965,4,2,0,2,0.0
504,3,1,0,2026-04-25,TriceraPress,1021,2,3,2,1,0.6666666666666666
504,3,1,0,2026-04-25,SamuraiCalibur,943,4,3,0,3,0.0
606,3,0,1,2026-05-10,SamuraiSteel,981,4,3,1,2,0.3333333333333333
606,3,0,1,2026-05-10,SamuraiCalibur,943,5,3,0,3,0.0
606,4,1,0,2026-05-10,CobaltDrake,1020,3,4,3,1,0.75
606,1,1,0,2026-05-10,DranDagger,1023,1,1,1,0,1.0
607,3,0,1,2026-05-10,SamuraiSteel,981,5,3,1,2,0.3333333333333333
607,1,1,0,2026-05-10,WhaleFlame,980,6,1,0,1,0.0
607,4,0,1,2026-05-10,CobaltDrake,1020,4,4,3,1,0.75
607,3,0,1,2026-05-10,SamuraiCalibur,943,7,3,0,3,0.0
607,1,1,0,2026-05-10,TyrannoBeat,1020,3,1,1,0,1.0
608,1,0,1,2026-05-10,WhaleFlame,980,8,1,0,1,0.0
608,1,1,0,2026-05-10,PhoenixFlare,987,6,1,0,1,0.0
608,3,0,1,2026-05-10,SamuraiCalibur,943,9,3,0,3,0.0
608,1,1,0,2026-05-10,TyrannoRoar,1013,5,1,1,0,1.0
608,3,0,1,2026-05-10,SamuraiSteel,981,7,3,1,2,0.3333333333333333
609,1,1,0,2026-05-10,ClockMirage,1024,1,1,1,0,1.0
609,3,0,1,2026-05-10,TriceraPress,1021,3,3,2,1,0.6666666666666666
609,3,0,1,2026-05-10,SamuraiSteel,981,8,3,1,2,0.3333333333333333
609,1,0,1,2026-05-10,WhaleFlame,980,9,1,0,1,0.0
609,1,0,1,2026-05-10,DranDagger,1023,2,1,1,0,1.0
609,1,1,0,2026-05-10,CrimsonGaruda,976,10,1,0,1,0.0
609,1,0,1,2026-05-10,PhoenixFlare,987,7,1,0,1,0.0
609,4,0,1,2026-05-10,CobaltDrake,1020,5,4,3,1,0.75
609,3,0,1,2026-05-10,SamuraiCalibur,943,11,3,0,3,0.0
609,1,0,1,2026-05-10,TyrannoRoar,1013,6,1,1,0,1.0
609,1,0,1,2026-05-10,TyrannoBeat,1020,4,1,1,0,1.0
610,1,1,0,2026-05-10,WhaleWave,1014,6,1,1,0,1.0
610,1,0,1,2026-05-10,WhaleFlame,980,11,1,0,1,0.0
610,1,1,0,2026-05-10,UnicornSting,986,9,1,0,1,0.0
610,1,0,1,2026-05-10,PhoenixFlare,987,8,1,0,1,0.0
610,1,0,1,2026-05-10,CrimsonGaruda,976,12,1,0,1,0.0
610,3,0,1,2026-05-10,SamuraiCalibur,943,13,3,0,3,0.0
610,1,0,1,2026-05-10,TyrannoRoar,1013,7,1,1,0,1.0
610,3,0,1,2026-05-10,SamuraiSteel,981,10,3,1,2,0.3333333333333333
611,1,0,1,2026-05-10,WhaleWave,1014,7,1,1,0,1.0
611,1,0,1,2026-05-10,WhaleFlame,980,12,1,0,1,0.0
611,1,1,0,2026-05-10,GhostCircle,980,13,1,0,1,0.0
611,1,0,1,2026-05-10,UnicornSting,986,10,1,0,1,0.0
611,1,0,1,2026-05-10,PhoenixFlare,987,9,1,0,1,0.0
611,1,0,1,2026-05-10,CrimsonGaruda,976,14,1,0,1,0.0
611,4,0,1,2026-05-10,CobaltDrake,1020,6,4,3,1,0.75
611,3,0,1,2026-05-10,SamuraiCalibur,943,15,3,0,3,0.0
611,1,0,1,2026-05-10,TyrannoRoar,1013,8,1,1,0,1.0
611,3,0,1,2026-05-10,SamuraiSteel,981,11,3,1,2,0.3333333333333333
611,1,1,0,2026-05-10,BlackShell,1020,5,1,1,0,1.0
612,4,1,0,2026-05-10,TriceraPress,1045,1,4,3,1,0.75
612,1,0,1,2026-05-10,ClockMirage,1024,2,1,1,0,1.0
612,1,1,0,2026-05-10,DranBuster,977,14,1,0,1,0.0
612,1,0,1,2026-05-10,DranDagger,1023,3,1,1,0,1.0
612,1,0,1,2026-05-10,CrimsonGaruda,976,15,1,0,1,0.0
612,3,0,1,2026-05-10,SamuraiCalibur,943,16,3,0,3,0.0
613,1,0,1,2026-05-10,PhoenixFlare,987,10,1,0,1,0.0
613,4,1,0,2026-05-10,SamuraiSteel,1000,9,4,2,2,0.5
613,1,0,1,2026-05-10,UnicornSting,986,11,1,0,1,0.0
613,4,1,0,2026-05-10,SamuraiCalibur,921,16,4,0,4,0.0
614,1,0,1,2026-05-10,WhaleFlame,980,14,1,0,1,0.0
614,1,1,0,2026-05-10,WolfHunt,1013,9,1,1,0,1.0
614,1,0,1,2026-05-10,DranBuster,977,16,1,0,1,0.0
614,1,0,1,2026-05-10,GhostCircle,980,15,1,0,1,0.0
614,1,1,0,2026-05-10,SolEclipse,987,12,1,0,1,0.0
614,1,0,1,2026-05-10,UnicornSting,986,13,1,0,1,0.0
614,1,0,1,2026-05-10,CrimsonGaruda,976,17,1,0,1,0.0
614,4,0,1,2026-05-10,SamuraiCalibur,921,18,4,0,4,0.0
614,1,0,1,2026-05-10,PhoenixFlare,987,11,1,0,1,0.0
614,4,0,1,2026-05-10,SamuraiSteel,1000,10,4,2,2,0.5
615,1,0,1,2026-05-10,ClockMirage,1024,3,1,1,0,1.0
615,1,0,1,2026-05-10,WhaleFlame,980,15,1,0,1,0.0
615,1,0,1,2026-05-10,DranBuster,977,17,1,0,1,0.0
615,1,0,1,2026-05-10,GhostCircle,980,16,1,0,1,0.0
615,1,1,0,2026-05-10,PegasusBlast,981,14,1,0,1,0.0
615,2,1,0,2026-05-10,DranDagger,1045,2,2,2,0,1.0
615,1,0,1,2026-05-10,CrimsonGaruda,976,18,1,0,1,0.0
615,4,0,1,2026-05-10,SamuraiCalibur,921,19,4,0,4,0.0
616,1,0,1,2026-05-10,ClockMirage,1024,4,1,1,0,1.0
616,4,0,1,2026-05-10,SamuraiSteel,1000,9,4,2,2,0.5
616,1,0,1,2026-05-10,WolfHunt,1013,8,1,1,0,1.0
616,2,1,0,2026-05-10,TyrannoRoar,992,10,2,1,1,0.5
616,2,1,0,2026-05-10,TyrannoBeat,1042,3,2,2,0,1.0
617,2,1,0,2026-05-10,ClockMirage,1039,4,2,2,0,1.0
617,1,0,1,2026-05-10,WhaleFlame,980,16,1,0,1,0.0
617,1,0,1,2026-05-10,DranBuster,977,18,1,0,1,0.0
617,1,0,1,2026-05-10,PegasusBlast,981,15,1,0,1,0.0
617,1,0,1,2026-05-10,GhostCircle,980,17,1,0,1,0.0
617,1,0,1,2026-05-10,SolEclipse,987,13,1,0,1,0.0
617,1,0,1,2026-05-10,UnicornSting,986,14,1,0,1,0.0
617,1,0,1,2026-05-10,CrimsonGaruda,976,19,1,0,1,0.0
617,1,1,0,2026-05-10,WizardRod,988,11,1,0,1,0.0
617,4,0,1,2026-05-10,SamuraiCalibur,921,20,4,0,4,0.0
617,1,0,1,2026-05-10,PhoenixFlare,987,12,1,0,1,0.0
618,2,1,0,2026-05-10,WhaleWave,991,11,2,1,1,0.5
618,1,1,0,2026-05-10,MeteorDragoon,1021,5,1,1,0,1.0
618,1,0,1,2026-05-10,WhaleFlame,980,17,1,0,1,0.0
618,1,0,1,2026-05-10,DranBuster,977,19,1,0,1,0.0
618,1,0,1,2026-05-10,PegasusBlast,981,16,1,0,1,0.0
618,1,0,1,2026-05-10,GhostCircle,980,18,1,0,1,0.0
618,1,0,1,2026-05-10,SolEclipse,987,14,1,0,1,0.0
618,1,0,1,2026-05-10,UnicornSting,986,15,1,0,1,0.0
618,1,0,1,2026-05-10,CrimsonGaruda,976,20,1,0,1,0.0
618,1,0,1,2026-05-10,WizardRod,988,12,1,0,1,0.0
618,4,0,1,2026-05-10,CobaltDrake,1020,7,4,3,1,0.75
618,4,0,1,2026-05-10,SamuraiCalibur,921,21,4,0,4,0.0
618,1,0,1,2026-05-10,PhoenixFlare,987,13,1,0,1,0.0
618,1,0,1,2026-05-10,BlackShell,1020,6,1,1,0,1.0
619,2,0,1,2026-05-10,WhaleWave,991,12,2,1,1,0.5
619,1,1,0,2026-05-10,SamuraiSaber,1017,7,1,1,0,1.0
619,1,0,1,2026-05-10,WhaleFlame,980,18,1,0,1,0.0
619,1,0,1,2026-05-10,DranBuster,977,20,1,0,1,0.0
619,1,0,1,2026-05-10,PegasusBlast,981,17,1,0,1,0.0
619,1,0,1,2026-05-10,GhostCircle,980,19,1,0,1,0.0
619,1,0,1,2026-05-10,SolEclipse,987,15,1,0,1,0.0
619,1,0,1,2026-05-10,UnicornSting,986,16,1,0,1,0.0
619,1,0,1,2026-05-10,PhoenixFlare,987,14,1,0,1,0.0
619,1,0,1,2026-05-10,WizardRod,988,13,1,0,1,0.0
619,1,0,1,2026-05-10,CrimsonGaruda,976,21,1,0,1,0.0
619,4,0,1,2026-05-10,CobaltDrake,1020,6,4,3,1,0.75
619,4,0,1,2026-05-10,SamuraiCalibur,921,22,4,0,4,0.0
619,2,0,1,2026-05-10,TyrannoRoar,992,11,2,1,1,0.5
619,4,0,1,2026-05-10,SamuraiSteel,1000,10,4,2,2,0.5
619,2,1,0,2026-05-10,BlackShell,1000,9,2,1,1,0.5
620,5,1,0,2026-05-10,TriceraPress,1066,1,5,4,1,0.8
620,1,1,0,2026-05-10,ShelterDrake,983,17,1,0,1,0.0
620,1,0,1,2026-05-10,WhaleFlame,980,19,1,0,1,0.0
620,1,0,1,2026-05-10,DranBuster,977,21,1,0,1,0.0
620,1,0,1,2026-05-10,GhostCircle,980,20,1,0,1,0.0
620,1,0,1,2026-05-10,PegasusBlast,981,18,1,0,1,0.0
620,1,0,1,2026-05-10,CrimsonGaruda,976,22,1,0,1,0.0
620,4,0,1,2026-05-10,SamuraiCalibur,921,23,4,0,4,0.0
621,1,0,1,2026-05-10,WolfHunt,1013,9,1,1,0,1.0
621,1,0,1,2026-05-10,DranBuster,977,22,1,0,1,0.0
621,1,0,1,2026-05-10,CrimsonGaruda,976,23,1,0,1,0.0
621,4,0,1,2026-05-10,SamuraiCalibur,921,24,4,0,4,0.0
621,5,1,0,2026-05-10,SamuraiSteel,1017,8,5,3,2,0.6
621,2,0,1,2026-05-10,BlackShell,1000,10,2,1,1,0.5
621,1,1,0,2026-05-10,EmperorMight,980,21,1,0,1,0.0
622,1,0,1,2026-05-10,ShelterDrake,983,18,1,0,1,0.0
622,1,0,1,2026-05-10,SamuraiSaber,1017,8,1,1,0,1.0
622,1,0,1,2026-05-10,MeteorDragoon,1021,6,1,1,0,1.0
622,2,1,0,2026-05-10,WolfHunt,1029,5,2,2,0,1.0
622,1,0,1,2026-05-10,WhaleFlame,980,20,1,0,1,0.0
622,1,0,1,2026-05-10,DranBuster,977,23,1,0,1,0.0
622,1,0,1,2026-05-10,PegasusBlast,981,19,1,0,1,0.0
622,1,0,1,2026-05-10,GhostCircle,980,21,1,0,1,0.0
622,1,0,1,2026-05-10,CrimsonGaruda,976,24,1,0,1,0.0
622,1,0,1,2026-05-10,EmperorMight,980,22,1,0,1,0.0
622,4,0,1,2026-05-10,CobaltDrake,1020,7,4,3,1,0.75
622,4,0,1,2026-05-10,SamuraiCalibur,921,25,4,0,4,0.0
622,5,0,1,2026-05-10,SamuraiSteel,1017,9,5,3,2,0.6
622,1,1,0,2026-05-10,WizardArrow,985,17,1,0,1,0.0
623,5,0,1,2026-05-10,TriceraPress,1066,2,5,4,1,0.8
623,1,0,1,2026-05-10,ShelterDrake,983,17,1,0,1,0.0
623,2,0,1,2026-05-10,WhaleWave,991,11,2,1,1,0.5
623,1,0,1,2026-05-10,WhaleFlame,980,19,1,0,1,0.0
623,1,0,1,2026-05-10,DranBuster,977,22,1,0,1,0.0
623,1,0,1,2026-05-10,PegasusBlast,981,18,1,0,1,0.0
623,3,1,0,2026-05-10,DranDagger,1071,1,3,3,0,1.0
623,1,0,1,2026-05-10,SolEclipse,987,14,1,0,1,0.0
623,1,0,1,2026-05-10,UnicornSting,986,15,1,0,1,0.0
623,1,0,1,2026-05-10,PhoenixFlare,987,13,1,0,1,0.0
623,1,0,1,2026-05-10,WizardRod,988,12,1,0,1,0.0
623,1,0,1,2026-05-10,GhostCircle,980,20,1,0,1,0.0
623,1,0,1,2026-05-10,EmperorMight,980,21,1,0,1,0.0
623,1,0,1,2026-05-10,CrimsonGaruda,976,23,1,0,1,0.0
623,3,1,0,2026-05-10,TyrannoRoar,971,24,3,1,2,0.3333333333333333
623,1,0,1,2026-05-10,WizardArrow,985,16,1,0,1,0.0
624,3,1,0,2026-05-10,ClockMirage,1022,6,3,2,1,0.6666666666666666
624,2,1,0,2026-05-10,MeteorDragoon,1037,4,2,2,0,1.0
625,6,1,0,2026-05-10,TriceraPress,1087,1,6,5,1,0.8333333333333334
625,2,1,0,2026-05-10,SamuraiSaber,998,10,2,1,1,0.5
625,3,0,1,2026-05-10,DranDagger,1071,2,3,3,0,1.0
625,5,0,1,2026-05-10,SamuraiSteel,1017,8,5,3,2,0.6
625,2,0,1,2026-05-10,BlackShell,1000,9,2,1,1,0.5
626,2,0,1,2026-05-10,MeteorDragoon,1037,5,2,2,0,1.0
626,3,1,0,2026-05-10,WolfHunt,1052,3,3,3,0,1.0
626,2,0,1,2026-05-10,TyrannoBeat,1042,4,2,2,0,1.0
626,6,1,0,2026-05-10,SamuraiSteel,998,9,6,3,3,0.5
626,2,0,1,2026-05-10,BlackShell,1000,8,2,1,1,0.5
627,3,1,0,2026-05-10,MeteorDragoon,1024,5,3,2,1,0.6666666666666666
627,4,1,0,2026-05-10,DranDagger,1086,2,4,4,0,1.0
628,4,1,0,2026-05-10,WolfHunt,1038,4,4,3,1,0.75
628,7,1,0,2026-05-10,TriceraPress,1101,1,7,6,1,0.8571428571428571
628,2,0,1,2026-05-10,TyrannoBeat,1042,3,2,2,0,1.0
629,3,0,1,2026-05-10,ClockMirage,1022,5,3,2,1,0.6666666666666666
629,4,1,0,2026-05-10,MeteorDragoon,1010,7,4,2,2,0.5
629,5,1,0,2026-05-10,WolfHunt,1052,3,5,4,1,0.8
629,4,0,1,2026-05-10,CobaltDrake,1020,6,4,3,1,0.75
629,2,0,1,2026-05-10,TyrannoBeat,1042,4,2,2,0,1.0
630,8,1,0,2026-05-10,TriceraPress,1116,1,8,7,1,0.875
630,5,1,0,2026-05-10,DranDagger,1070,2,5,4,1,0.8
