Rank,MatchID,Date,Winner,Loser,WinnerPreELO,LoserPreELO,ELODifference,Score
1,M0728,2026-06-25,TyrannoBeat,DranBuster,807.9,985.6,177.76,5-1
2,M0106,2025-12-11,DranBrave,FoxBrush,947.5,1121.2,173.77,4-0
3,M0633,2026-05-22,SamuraiSaber,CrimsonGaruda,832.0,980.3,148.38,4-3
4,M0460,2026-03-20,HellsHammer,TyrannoRoar,900.1,1048.0,147.89,4-0
5,M0144,2025-12-27,PhoenixWing,ImpactDrake,974.4,1119.6,145.14,6-3
6,M0557,2026-05-02,WolfHunt,HellsBrave,992.7,1135.1,142.41,4-0
7,M0758,2026-08-07,TyrannoBeat,HellsHammer,831.0,970.5,139.53,5-0
8,M0346,2026-02-26,ViperTail,TuskMammoth,986.1,1123.4,137.3,5-0
9,M0129,2025-12-27,ScorpioSpear,ImpactDrake,1009.1,1143.9,134.79,4-0
10,M0085,2025-12-02,ViperTail,FoxBrush,1016.1,1147.1,130.98,5-2
11,M0056,2025-11-12,SilverWolf,ImpactDrake,1005.7,1129.1,123.47,4-2
12,M0390,2026-03-01,SilverWolf,ValkyrieVolt,1002.9,1121.8,118.93,4-0
13,M0673,2026-05-22,DranBuster,PhoenixFlare,919.4,1037.7,118.34,5-1
14,M0601,2026-05-10,SilverWolf,ImpactDrake,1019.1,1136.7,117.58,4-2
15,M0436,2026-03-20,CobaltDrake,TyrannoRoar,946.3,1063.8,117.48,5-2
16,M0553,2026-05-02,ScorpioSpear,ValkyrieVolt,1035.9,1151.5,115.53,5-0
17,M0306,2026-02-11,ValkyrieVolt,TuskMammoth,1026.8,1135.7,108.98,5-0
18,M0453,2026-03-20,HellsHammer,UnicornSting,874.6,978.8,104.22,4-3
19,M0219,2026-01-04,PhoenixWing,GolemRock,1012.6,1116.7,104.08,5-0
20,M0520,2026-04-25,ScorpioSpear,SharkScale,1015.1,1118.1,103.03,4-3
21,M0415,2026-03-01,CerberusFlame,TuskMammoth,994.3,1095.3,101.04,4-3
22,M0698,2026-06-07,WyvernHover,RhinoReaper,918.5,1018.4,99.97,4-2
23,M0545,2026-05-02,PhoenixWing,SilverWolf,954.3,1052.6,98.25,4-1
24,M0086,2025-12-02,DranSword,ImpactDrake,1023.6,1120.7,97.12,4-2
25,M0194,2026-01-04,HellsChain,FoxBrush,1002.7,1099.7,97.03,4-0
26,M0731,2026-06-25,HellsReaper,HellsBrave,999.1,1090.3,91.23,5-2
27,M0583,2026-05-02,ScorpioSpear,TuskMammoth,1043.9,1134.0,90.04,5-1
28,M0284,2026-02-11,ScorpioSpear,GolemRock,1027.2,1115.8,88.63,4-0
29,M0114,2025-12-11,SharkEdge,CerberusFlame,995.8,1082.3,86.49,4-3
30,M0163,2025-12-27,GolemRock,FoxBrush,1035.4,1120.0,84.63,6-0
31,M0336,2026-02-26,WhaleWave,LeonClaw,948.5,1031.6,83.08,4-2
32,M0706,2026-06-07,ScorpioSpear,ValkyrieVolt,1031.8,1114.7,82.92,5-1
33,M0529,2026-04-25,PhoenixWing,RhinoReaper,934.1,1015.5,81.41,5-0
34,M0204,2026-01-04,CerberusFlame,ImpactDrake,1042.9,1122.7,79.72,4-2
35,M0507,2026-04-25,DranDagger,WolfHunt,942.3,1021.7,79.35,5-0
36,M0667,2026-05-22,DranDagger,ShelterDrake,971.5,1049.3,77.76,4-2
37,M0350,2026-02-26,ViperTail,ScorpioSpear,1011.5,1088.9,77.41,5-0
38,M0700,2026-06-07,HellsChain,HellsBrave,1033.6,1110.5,76.89,4-3
39,M0714,2026-06-07,KnightMail,HellsBrave,1022.8,1099.5,76.7,4-2
40,M0395,2026-03-01,WhaleWave,UnicornSting,921.2,997.7,76.49,5-3
41,M0663,2026-05-22,DranDagger,TyrannoRoar,961.4,1037.2,75.79,5-1
42,M0454,2026-03-20,WizardArrow,DranBuster,872.4,947.5,75.17,4-0
43,M0143,2025-12-27,WhaleWave,RhinoReaper,976.6,1048.8,72.2,5-3
44,M0352,2026-02-26,CobaltDragoon,ImpactDrake,1057.8,1129.9,72.06,4-2
45,M0707,2026-06-07,CobaltDragoon,TuskMammoth,1058.3,1129.5,71.19,4-2
46,M0411,2026-03-01,ViperTail,LeonCrest,1020.1,1091.0,70.94,6-0
47,M0172,2025-12-27,LeonCrest,DranSword,1020.7,1091.3,70.68,5-1
48,M0730,2026-06-25,WizardArc,RhinoReaper,946.9,1017.5,70.64,4-2
49,M0439,2026-03-20,BlackShell,UnicornSting,918.6,988.9,70.2,4-2
50,M0485,2026-04-03,PhoenixRudder,WolfHunt,970.7,1039.9,69.19,4-2
51,M0590,2026-05-10,DranSword,ImpactDrake,1083.4,1149.7,66.3,4-2
52,M0573,2026-05-02,DranDagger,PhoenixRudder,939.6,1005.5,65.86,4-0
53,M0170,2025-12-27,LeonCrest,ViperTail,1000.5,1063.7,63.2,4-0
54,M0179,2026-01-04,HellsChain,WeissTiger,978.5,1041.2,62.69,5-0
55,M0635,2026-05-22,SamuraiSaber,PegasusBlast,857.0,918.5,61.5,4-2
56,M0180,2026-01-04,HellsReaper,LeonCrest,1012.5,1073.7,61.15,6-1
57,M0665,2026-05-22,BlackShell,GhostCircle,941.4,1002.4,61.04,4-0
58,M0419,2026-03-01,LeonCrest,ImpactDrake,1068.7,1129.3,60.55,4-3
59,M0376,2026-02-26,DranSword,TuskMammoth,1035.6,1095.4,59.84,5-0
60,M0372,2026-02-26,PhoenixWing,HellsReaper,955.2,1014.3,59.06,4-2
61,M0669,2026-05-22,DranDagger,MeteorDragoon,980.0,1038.8,58.86,8-4
62,M0328,2026-02-13,WeissTiger,SharkScale,1031.3,1089.4,58.11,4-3
63,M0438,2026-03-20,EmperorMight,ClockMirage,927.6,985.7,58.1,4-0
64,M0464,2026-03-20,HellsHammer,CrimsonGaruda,930.4,988.2,57.75,5-3
65,M0531,2026-04-25,ViperTail,DranBrave,1030.6,1088.4,57.74,4-0
66,M0570,2026-05-02,HellsHammer,WolfHunt,957.2,1014.3,57.09,4-1
67,M0764,2026-08-07,GolemRock,LeonCrest,997.7,1053.9,56.23,4-0
68,M0552,2026-05-02,FoxBrush,ImpactDrake,1091.1,1146.8,55.63,4-2
69,M0107,2025-12-11,PhoenixWing,CobaltDragoon,997.4,1052.9,55.42,5-3
70,M0742,2026-08-07,PhoenixRudder,TriceraPress,987.5,1041.6,54.18,5-0
71,M0672,2026-05-22,CrimsonGaruda,SamuraiSteel,976.6,1030.5,53.9,4-0
72,M0208,2026-01-04,TuskMammoth,ImpactDrake,1062.7,1116.6,53.83,5-3
73,M0535,2026-04-25,LeonCrest,FoxBrush,1054.4,1108.0,53.67,6-1
74,M0768,2026-08-07,DranSword,ImpactDrake,1094.3,1147.8,53.54,4-3
75,M0289,2026-02-11,LeonCrest,GolemRock,1043.9,1097.0,53.14,5-0
76,M0090,2025-12-02,LeonClaw,KnightMail,993.4,1045.5,52.17,4-2
77,M0598,2026-05-10,CobaltDragoon,HellsBrave,1061.8,1113.6,51.83,4-0
78,M0117,2025-12-11,KnightMail,TuskMammoth,1014.2,1065.3,51.08,4-2
79,M0040,2025-11-12,BlackShell,DranSword,980.0,1031.0,51.02,4-1
80,M0452,2026-03-20,WizardArc,ClockMirage,914.2,965.2,50.98,4-2
81,M0651,2026-05-22,BlackShell,CobaltDrake,911.0,962.0,50.97,4-3
82,M0297,2026-02-11,SilverWolf,HellsChain,971.7,1022.6,50.89,5-2
83,M0746,2026-08-07,HellsReaper,HellsChain,1008.3,1059.0,50.72,5-2
84,M0327,2026-02-13,SolEclipse,WyvernHover,984.1,1034.3,50.23,4-1
85,M0167,2025-12-27,HellsReaper,CobaltDragoon,1003.1,1052.9,49.78,5-1
86,M0313,2026-02-13,CobaltDrake,SamuraiSaber,988.2,1035.7,47.43,6-2
87,M0606,2026-05-10,DranDagger,CobaltDrake,1000.0,1047.1,47.09,6-2
88,M0210,2026-01-04,CrimsonGaruda,CerberusFlame,1007.4,1054.3,46.94,4-0
89,M0577,2026-05-02,SharkEdge,PerseusDark,962.9,1009.4,46.51,4-1
90,M0536,2026-04-25,TuskMammoth,ImpactDrake,1108.6,1154.8,46.2,5-3
91,M0292,2026-02-11,PerseusDark,DranBrave,994.3,1040.4,46.17,4-0
92,M0703,2026-06-07,CerberusFlame,ViperTail,1010.7,1056.4,45.72,4-3
93,M0649,2026-05-22,DranDagger,SamuraiCalibur,954.5,1000.0,45.48,5-1
94,M0675,2026-05-22,DranBuster,CrimsonGaruda,942.8,987.8,45.05,4-0
95,M0525,2026-04-25,CobaltDrake,WizardArc,954.8,999.7,44.95,4-0
96,M0205,2026-01-04,CrimsonGaruda,SolEclipse,994.8,1039.2,44.45,4-3
97,M0739,2026-06-25,SharkScale,ImpactDrake,1104.8,1149.2,44.37,4-3
98,M0733,2026-06-25,ViperTail,DranBrave,1037.7,1082.1,44.36,4-2
99,M0441,2026-03-20,PegasusBlast,DranBuster,922.9,967.0,44.09,4-0
100,M0157,2025-12-27,PerseusDark,RhinoReaper,989.2,1033.1,43.88,6-3
101,M0379,2026-02-26,ScorpioSpear,LeonCrest,1064.1,1107.6,43.55,5-2
102,M0095,2025-12-02,WizardArc,WizardRod,953.4,996.3,42.95,4-2
103,M0268,2026-01-30,LeonCrest,FoxBrush,1042.1,1085.0,42.92,4-0
104,M0353,2026-02-26,DranSword,FoxBrush,1020.2,1062.6,42.36,5-1
105,M0396,2026-03-01,CrimsonGaruda,RhinoReaper,976.6,1017.7,41.12,5-2
106,M0094,2025-12-02,LeonCrest,UnicornSting,952.6,992.9,40.24,5-2
107,M0678,2026-06-07,HellsHammer,TriceraPress,960.1,1000.0,39.92,4-3
108,M0354,2026-02-26,GolemRock,TuskMammoth,1065.1,1105.0,39.91,4-0
109,M0593,2026-05-10,HellsBrave,ImpactDrake,1103.0,1142.3,39.29,4-2
110,M0659,2026-05-22,TyrannoBeat,EmperorMight,996.9,1036.1,39.21,4-0
111,M0542,2026-05-02,SharkEdge,RhinoReaper,963.6,1002.4,38.77,4-2
112,M0080,2025-12-02,LeonClaw,WizardRod,973.0,1011.1,38.07,4-1
113,M0183,2026-01-04,PerseusDark,SharkEdge,992.2,1030.0,37.88,4-0
114,M0519,2026-04-25,ValkyrieVolt,ImpactDrake,1128.0,1165.5,37.54,4-1
115,M0493,2026-04-03,WeissTiger,ViperTail,1018.9,1056.0,37.09,5-2
116,M0065,2025-11-12,RhinoReaper,TuskMammoth,1029.5,1066.6,37.07,4-0
117,M0175,2025-12-27,LeonCrest,TuskMammoth,1043.9,1080.5,36.62,8-2
118,M0572,2026-05-02,SolEclipse,CobaltDrake,935.3,971.8,36.54,5-2
119,M0263,2026-01-30,KnightMail,PhoenixWing,996.9,1033.4,36.51,4-0
120,M0469,2026-04-03,SolEclipse,PhoenixRudder,944.2,980.3,36.13,4-3
121,M0717,2026-06-07,CerberusFlame,WeissTiger,1017.2,1053.0,35.8,4-1
122,M0162,2025-12-27,LeonClaw,DranDagger,996.1,1031.8,35.72,5-0
123,M0693,2026-06-07,DranBuster,PhoenixRudder,963.7,999.4,35.67,4-2
124,M0430,2026-03-20,TuskMammoth,SharkScale,1098.6,1133.9,35.3,6-2
125,M0509,2026-04-25,HellsHammer,CobaltDrake,930.4,965.6,35.21,4-2
126,M0745,2026-08-07,WizardArc,PerseusDark,958.4,993.3,34.96,4-0
127,M0544,2026-05-02,PerseusDark,HellsChain,1009.0,1043.5,34.52,4-1
128,M0748,2026-08-07,GolemRock,CerberusFlame,982.8,1017.2,34.45,4-0
129,M0288,2026-02-11,TuskMammoth,ImpactDrake,1093.4,1127.3,33.91,5-2
130,M0119,2025-12-27,WeissTiger,CerberusFlame,1028.5,1062.2,33.71,4-0
131,M0414,2026-03-01,DranSword,GolemRock,1050.3,1083.8,33.47,4-2
132,M0575,2026-05-02,PhoenixWing,LeonClaw,974.4,1007.8,33.41,4-3
133,M0558,2026-05-02,HellsReaper,HellsChain,999.3,1032.0,32.73,5-0
134,M0051,2025-11-12,DranDagger,UnicornSting,1001.8,1034.3,32.46,5-0
135,M0537,2026-04-25,ScorpioSpear,GolemRock,1027.5,1059.9,32.36,4-2
136,M0514,2026-04-25,KnightMail,ViperTail,1011.9,1043.2,31.35,4-0
137,M0063,2025-11-12,RhinoReaper,DranDagger,1008.5,1039.5,31.05,6-2
138,M0736,2026-06-25,PhoenixWing,GolemRock,965.9,996.9,31.02,4-0
139,M0357,2026-02-26,HellsReaper,WeissTiger,1001.9,1032.4,30.44,4-0
140,M0735,2026-06-25,WeissTiger,LeonCrest,1043.4,1073.3,29.97,5-0
141,M0709,2026-06-07,HellsHammer,PhoenixRudder,960.2,990.0,29.79,4-0
142,M0308,2026-02-11,SolEclipse,SharkEdge,959.3,989.0,29.63,5-0
143,M0108,2025-12-11,ScorpioSpear,KnightMail,997.1,1026.7,29.61,4-2
144,M0138,2025-12-27,GolemRock,CerberusFlame,1013.1,1042.4,29.32,5-0
145,M0335,2026-02-26,SharkEdge,RhinoReaper,982.9,1012.2,29.29,4-3
146,M0155,2025-12-27,PhoenixWing,KnightMail,996.6,1025.0,28.44,4-0
147,M0201,2026-01-04,CrimsonGaruda,UnicornSting,978.7,1007.0,28.28,4-0
148,M0548,2026-05-02,CobaltDragoon,DranBrave,1044.3,1072.3,27.98,4-0
149,M0727,2026-06-25,PhoenixRudder,LeonClaw,979.4,1007.2,27.8,4-2
150,M0432,2026-03-20,KnightMail,ScorpioSpear,1017.8,1045.6,27.73,5-0
151,M0151,2025-12-27,LeonClaw,WizardRod,982.4,1009.9,27.47,4-2
152,M0331,2026-02-13,ScorpioSpear,CobaltDragoon,1062.6,1089.4,26.88,4-0
153,M0600,2026-05-10,FoxBrush,TuskMammoth,1108.7,1135.5,26.88,4-0
154,M0581,2026-05-02,ViperTail,CobaltDragoon,1036.0,1062.9,26.87,4-0
155,M0674,2026-05-22,CobaltDrake,ClockMirage,971.0,997.8,26.86,4-0
156,M0541,2026-05-02,WizardArc,WolfHunt,980.4,1007.1,26.71,4-0
157,M0656,2026-05-22,TyrannoBeat,SamuraiCalibur,973.3,1000.0,26.7,4-0
158,M0478,2026-04-03,CerberusFlame,WeissTiger,1004.7,1031.1,26.44,5-0
159,M0750,2026-08-07,SilverWolf,LeonCrest,1036.8,1062.9,26.17,4-0
160,M0582,2026-05-02,FoxBrush,ValkyrieVolt,1088.5,1114.6,26.03,4-2
161,M0574,2026-05-02,HellsChain,SilverWolf,1018.2,1044.2,25.9,4-1
162,M0540,2026-05-02,HellsHammer,DranDagger,933.0,958.8,25.87,4-0
163,M0259,2026-01-30,SilverWolf,WhaleWave,968.3,994.0,25.78,4-3
164,M0605,2026-05-10,FoxBrush,TuskMammoth,1112.5,1138.2,25.77,8-2
165,M0036,2025-11-12,SilverWolf,PhoenixRudder,986.9,1012.6,25.72,4-1
166,M0769,2026-08-07,ScorpioSpear,CobaltDragoon,1021.6,1047.0,25.44,4-1
167,M0249,2026-01-30,DranDagger,TuskMammoth,994.7,1020.0,25.33,5-3
168,M0654,2026-05-22,CobaltDrake,SamuraiCalibur,952.1,977.4,25.26,4-0
169,M0195,2026-01-04,DranBrave,HellsReaper,1011.2,1036.2,25.0,4-0
170,M0262,2026-01-30,HellsReaper,DranBrave,1015.2,1040.2,24.92,4-3
171,M0122,2025-12-27,DranSword,RhinoReaper,1040.3,1065.0,24.78,4-2
172,M0311,2026-02-11,ImpactDrake,CobaltDrake,980.0,1004.7,24.73,5-2
173,M0559,2026-05-02,RhinoReaper,PerseusDark,993.2,1017.9,24.67,4-2
174,M0200,2026-01-04,SolEclipse,ViperTail,1020.8,1045.4,24.61,5-2
175,M0426,2026-03-20,ValkyrieVolt,SharkScale,1117.6,1142.1,24.54,5-1
176,M0696,2026-06-07,TriceraPress,LeonClaw,984.6,1009.1,24.51,4-0
177,M0272,2026-02-11,ValkyrieVolt,SharkEdge,985.4,1009.9,24.44,4-0
178,M0044,2025-11-12,WhaleWave,WhaleFlame,975.9,1000.0,24.12,4-2
179,M0676,2026-05-22,DranBuster,CobaltDrake,957.8,981.8,24.02,8-3
180,M0315,2026-02-13,LeonCrest,TuskMammoth,980.0,1003.8,23.77,4-0
181,M0588,2026-05-02,CobaltDragoon,LeonCrest,1051.8,1075.4,23.6,7-3
182,M0483,2026-04-03,FoxBrush,TuskMammoth,1079.5,1103.0,23.44,4-3
183,M0417,2026-03-01,ViperTail,DranSword,1035.7,1058.7,23.02,4-1
184,M0392,2026-03-01,UnicornSting,SharkEdge,989.3,1011.4,22.03,4-3
185,M0338,2026-02-26,WizardRod,CrimsonGaruda,965.7,987.5,21.87,4-2
186,M0474,2026-04-03,RhinoReaper,SilverWolf,1008.8,1030.5,21.67,5-3
187,M0154,2025-12-27,HellsReaper,HellsChain,973.4,994.5,21.1,4-0
188,M0501,2026-04-25,CobaltDrake,TriceraPress,1000.0,1020.9,20.91,4-3
189,M0741,2026-08-07,DranBuster,HellsHammer,965.1,985.6,20.52,4-0
190,M0034,2025-11-12,HellsChain,PhoenixWing,986.2,1006.6,20.41,6-3
191,M0339,2026-02-26,SilverWolf,UnicornSting,973.5,993.8,20.24,5-3
192,M0619,2026-05-10,SamuraiSaber,BlackShell,1000.0,1020.0,20.0,5-2
193,M0345,2026-02-26,FoxBrush,GolemRock,1052.8,1072.7,19.98,4-3
194,M0264,2026-01-30,PerseusDark,DranDagger,994.2,1013.0,18.83,5-3
195,M0394,2026-03-01,HellsChain,RhinoReaper,1007.3,1025.9,18.62,4-3
196,M0115,2025-12-11,SharkEdge,KnightMail,1010.2,1028.8,18.57,5-2
197,M0749,2026-08-07,WeissTiger,DranBrave,1054.8,1073.4,18.56,6-0
198,M0121,2025-12-27,ViperTail,DranDagger,1021.3,1039.5,18.28,4-0
199,M0624,2026-05-10,MeteorDragoon,ClockMirage,1020.8,1038.8,18.03,4-3
200,M0377,2026-02-26,FoxBrush,CobaltDragoon,1049.6,1067.5,17.96,5-1
201,M0057,2025-11-12,KnightMail,CobaltDragoon,1024.5,1042.2,17.71,5-3
202,M0546,2026-05-02,CerberusFlame,ViperTail,1023.5,1041.2,17.62,4-1
203,M0461,2026-03-20,WizardArc,WhaleFlame,932.8,950.4,17.59,4-0
204,M0705,2026-06-07,DranSword,SharkScale,1085.2,1102.5,17.26,4-0
205,M0475,2026-04-03,LeonClaw,HellsChain,1009.3,1026.4,17.14,4-2
206,M0697,2026-06-07,PerseusDark,HellsReaper,985.3,1002.4,17.14,4-0
207,M0120,2025-12-27,CobaltDragoon,TuskMammoth,1035.3,1052.2,16.93,4-0
208,M0326,2026-02-13,PerseusDark,HellsReaper,1007.9,1024.8,16.88,4-0
209,M0142,2025-12-27,SharkEdge,KnightMail,1026.7,1043.6,16.86,4-0
210,M0266,2026-01-30,WyvernHover,WeissTiger,1000.0,1016.6,16.64,4-2
211,M0661,2026-05-22,PegasusBlast,EmperorMight,992.9,1009.2,16.33,4-2
212,M0177,2026-01-04,SharkScale,SolEclipse,1000.0,1015.9,15.88,4-2
213,M0500,2026-04-25,TriceraPress,SamuraiSteel,1000.0,1015.9,15.88,4-0
214,M0434,2026-03-20,TuskMammoth,ValkyrieVolt,1106.3,1121.8,15.46,5-2
215,M0141,2025-12-27,LeonCrest,LeonClaw,978.4,993.9,15.43,4-3
216,M0076,2025-12-02,PhoenixWing,UnicornSting,991.2,1006.6,15.4,5-2
217,M0515,2026-04-25,WeissTiger,CobaltDragoon,1029.3,1044.3,15.01,5-2
218,M0329,2026-02-13,DranDagger,PhoenixWing,976.4,991.2,14.85,4-1
219,M0321,2026-02-13,CrimsonGaruda,SilverWolf,972.3,986.9,14.61,4-0
220,M0763,2026-08-07,SilverWolf,DranBrave,1047.0,1061.3,14.27,4-3
221,M0386,2026-02-26,SilverWolf,WolfHunt,989.1,1003.1,14.06,5-0
222,M0618,2026-05-10,MeteorDragoon,WhaleWave,1000.0,1013.8,13.8,4-0
223,M0261,2026-01-30,LeonClaw,ValkyrieVolt,986.6,1000.0,13.38,4-2
224,M0159,2025-12-27,HellsReaper,PerseusDark,990.5,1003.8,13.28,4-2
225,M0260,2026-01-30,UnicornSting,RhinoReaper,992.5,1005.7,13.25,4-2
226,M0528,2026-04-25,PerseusDark,LeonClaw,1002.5,1015.7,13.16,4-2
227,M0211,2026-01-04,DranBrave,CerberusFlame,1025.3,1038.5,13.15,5-1
228,M0389,2026-02-26,CerberusFlame,PerseusDark,991.8,1004.9,13.09,5-1
229,M0082,2025-12-02,WhaleWave,HellsChain,979.0,991.7,12.73,4-3
230,M0131,2025-12-27,LeonCrest,BlackShell,963.9,976.5,12.62,4-2
231,M0254,2026-01-30,WhaleWave,WizardArc,1035.0,1047.5,12.58,5-3
232,M0363,2026-02-26,SharkEdge,HellsChain,992.7,1005.2,12.47,4-0
233,M0153,2025-12-27,DranBrave,UnicornSting,999.2,1011.2,11.95,4-1
234,M0467,2026-03-20,WizardArc,EmperorMight,951.8,963.6,11.77,4-2
235,M0281,2026-02-11,WyvernHover,HellsReaper,1014.8,1026.4,11.67,4-1
236,M0662,2026-05-22,TyrannoBeat,WizardRod,1015.6,1027.0,11.44,8-2
237,M0342,2026-02-26,DranBrave,WeissTiger,1031.6,1043.0,11.4,4-3
238,M0384,2026-02-26,ClockMirage,EmperorMight,953.7,965.0,11.3,4-2
239,M0198,2026-01-04,CerberusFlame,CobaltDragoon,1033.7,1045.0,11.28,4-2
240,M0022,2025-09-07,PhoenixWing,CobaltDragoon,1013.1,1024.1,11.03,4-2
241,M0023,2025-09-07,WizardRod,PerseusDark,1013.1,1024.1,11.03,4-2
242,M0084,2025-12-02,CrimsonGaruda,WizardArrow,961.5,972.4,10.82,4-0
243,M0365,2026-02-26,RhinoReaper,LeonClaw,1015.0,1025.7,10.71,5-1
244,M0671,2026-05-22,ClockMirage,WolfHunt,986.8,997.5,10.67,4-2
245,M0135,2025-12-27,PerseusDark,HellsChain,982.9,993.3,10.45,6-2
246,M0173,2025-12-27,TuskMammoth,GolemRock,1068.9,1079.2,10.36,6-3
247,M0045,2025-11-12,DranBuster,SamuraiSaber,975.9,986.2,10.32,4-0
248,M0026,2025-09-07,DranSword,UnicornSting,1028.0,1038.2,10.17,4-1
249,M0031,2025-09-07,ImpactDrake,FoxBrush,1075.7,1085.4,9.64,7-0
250,M0576,2026-05-02,RhinoReaper,HellsReaper,1002.5,1012.1,9.59,5-3
251,M0150,2025-12-27,CrimsonGaruda,TyrannoBeat,957.3,966.7,9.38,4-2
252,M0759,2026-08-07,DranDagger,PhoenixRudder,990.4,999.6,9.22,4-1
253,M0655,2026-05-22,EmperorMight,WhaleWave,1013.8,1023.0,9.15,4-0
254,M0277,2026-02-11,WeissTiger,PhoenixWing,1005.9,1015.0,9.11,4-0
255,M0409,2026-03-01,WeissTiger,KnightMail,1039.7,1048.8,9.08,4-2
256,M0166,2025-12-27,ViperTail,ScorpioSpear,1039.7,1048.7,9.0,5-0
257,M0035,2025-11-12,UnicornSting,WizardRod,1018.2,1027.1,8.91,5-2
258,M0490,2026-04-03,PerseusDark,HellsReaper,1004.9,1013.7,8.8,5-2
259,M0332,2026-02-13,CerberusFlame,ViperTail,992.5,1001.2,8.72,4-0
260,M0310,2026-02-11,CobaltDragoon,PhoenixWing,984.1,992.8,8.67,4-2
261,M0494,2026-04-03,DranSword,CobaltDragoon,1042.4,1050.8,8.48,4-2
262,M0235,2026-01-30,PhoenixWing,CobaltDrake,1015.9,1024.1,8.24,4-1
263,M0169,2025-12-27,TuskMammoth,WeissTiger,1056.1,1064.2,8.08,4-0
264,M0560,2026-05-02,PhoenixWing,SharkEdge,965.8,973.6,7.79,4-0
265,M0397,2026-03-01,HellsChain,LeonClaw,1014.7,1022.4,7.73,4-0
266,M0710,2026-06-07,LeonClaw,DranDagger,1000.2,1007.8,7.66,4-2
267,M0566,2026-05-02,SharkScale,FoxBrush,1091.9,1099.2,7.28,4-0
268,M0039,2025-11-12,KnightMail,PerseusDark,1000.0,1007.0,7.01,5-0
269,M0355,2026-02-26,WyvernHover,PerseusDark,1026.8,1033.8,6.99,4-0
270,M0018,2025-09-07,ImpactDrake,GolemRock,1013.1,1020.0,6.91,4-0
271,M0046,2025-11-12,RhinoReaper,WizardArrow,980.0,986.9,6.91,4-3
272,M0287,2026-02-11,ScorpioSpear,DranSword,1043.7,1050.6,6.87,5-0
273,M0024,2025-09-07,PhoenixRudder,WeissTiger,1013.8,1020.0,6.2,4-3
274,M0203,2026-01-04,GolemRock,TuskMammoth,1064.3,1070.1,5.83,4-0
275,M0257,2026-01-30,HellsChain,CrimsonGaruda,1000.6,1005.1,4.51,4-2
276,M0047,2025-11-12,SharkEdge,CrimsonGaruda,975.9,980.0,4.12,4-1
277,M0431,2026-03-20,ImpactDrake,ValkyrieVolt,1134.3,1138.4,4.07,5-2
278,M0468,2026-04-03,WizardArc,DranDagger,962.0,966.0,4.06,4-0
279,M0134,2025-12-27,DranBuster,PhoenixWing,991.3,995.3,4.05,6-0
280,M0275,2026-02-11,WizardRod,WhaleWave,981.0,984.7,3.65,4-2
281,M0160,2025-12-27,LeonCrest,WhaleWave,989.9,992.9,2.96,4-3
282,M0343,2026-02-26,KnightMail,HellsReaper,1006.6,1009.5,2.91,4-3
283,M0186,2026-01-04,CerberusFlame,RhinoReaper,1017.4,1020.2,2.86,4-0
284,M0569,2026-05-02,TuskMammoth,ValkyrieVolt,1124.0,1126.7,2.67,4-0
285,M0241,2026-01-30,TuskMammoth,WeissTiger,997.4,1000.0,2.65,5-0
286,M0096,2025-12-02,DranBuster,TyrannoBeat,969.2,971.8,2.64,4-0
287,M0145,2025-12-27,DranBrave,SilverWolf,989.0,991.7,2.63,5-3
288,M0081,2025-12-02,BlackShell,DranBuster,986.4,989.0,2.59,4-0
289,M0646,2026-05-22,ShelterDrake,MeteorDragoon,1017.2,1019.8,2.59,4-2
290,M0491,2026-04-03,CerberusFlame,KnightMail,1016.2,1018.5,2.39,4-2
291,M0042,2025-11-12,ViperTail,DranBrave,996.5,998.8,2.22,4-0
292,M0704,2026-06-07,DranBrave,LeonCrest,1070.1,1072.2,2.09,5-2
293,M0477,2026-04-03,ViperTail,DranSword,1046.8,1048.7,1.83,4-3
294,M0215,2026-01-04,CobaltDragoon,SharkScale,1040.4,1042.1,1.71,5-3
295,M0684,2026-06-07,RhinoReaper,HellsReaper,1009.8,1011.3,1.5,4-0
296,M0692,2026-06-07,ValkyrieVolt,SharkScale,1107.0,1108.5,1.5,4-2
297,M0556,2026-05-02,PhoenixRudder,WizardArc,993.4,994.8,1.38,5-1
298,M0128,2025-12-27,UnicornSting,CrimsonGaruda,976.2,977.0,0.74,4-0
299,M0019,2025-09-07,DranSword,DranBrave,1013.1,1013.8,0.71,5-3
300,M0712,2026-06-07,DranBuster,SharkEdge,972.9,973.6,0.69,5-1
301,M0621,2026-05-10,SamuraiSteel,EmperorMight,999.5,1000.0,0.46,4-0
302,M0237,2026-01-30,ValkyrieVolt,SamuraiSaber,1047.1,1047.5,0.43,5-0
303,M0267,2026-01-30,CobaltDragoon,DranSword,1050.1,1050.4,0.23,4-1
304,M0100,2025-12-02,PerseusDark,DranBrave,965.1,965.1,0.05,4-1
305,M0458,2026-03-20,CobaltDrake,PegasusBlast,959.7,959.7,0.05,5-3
