MatchID,Date,BeyA,BeyB,ScoreA,ScoreB,PreA,PreB,PostA,PostB,arena,elo_arena_updated,MatchType,SeasonID,Tier,Matchday,KBaseA,KBaseB,KEffA,KEffB,ExpA,ExpB,ActA,ActB,FormEmaA,FormEmaB
M0001,2025-09-07,ViperTail,WizardArc,4,2,1000,1000,1013.8,986.2,Xtreme,Xtreme,exhibition,,,,40.0,40.0,40.0,40.0,0.5,0.5,0.8449,0.1551,,
M0002,2025-09-07,SamuraiSaber,TuskMammoth,2,4,1000,1000,986.2,1013.8,Xtreme,Xtreme,exhibition,,,,40.0,40.0,40.0,40.0,0.5,0.5,0.1551,0.8449,,
M0003,2025-09-07,BlackShell,GolemRock,0,4,1000,1000,980.0,1020.0,Xtreme,Xtreme,exhibition,,,,40.0,40.0,40.0,40.0,0.5,0.5,0.0,1.0,,
M0004,2025-09-07,LeonCrest,ImpactDrake,3,4,1000,1000,986.91,1013.09,Xtreme,Xtreme,exhibition,,,,40.0,40.0,40.0,40.0,0.5,0.5,0.1729,0.8271,,
M0005,2025-09-07,DranBrave,HellsReaper,4,2,1000,1000,1013.8,986.2,Xtreme,Xtreme,exhibition,,,,40.0,40.0,40.0,40.0,0.5,0.5,0.8449,0.1551,,
M0006,2025-09-07,HellsHammer,DranSword,3,4,1000,1000,986.91,1013.09,Xtreme,Xtreme,exhibition,,,,40.0,40.0,40.0,40.0,0.5,0.5,0.1729,0.8271,,
M0007,2025-09-07,DranDagger,CrimsonGaruda,4,0,1000,1000,1020.0,980.0,Xtreme,Xtreme,exhibition,,,,40.0,40.0,40.0,40.0,0.5,0.5,1.0,0.0,,
M0008,2025-09-07,LeonClaw,UnicornSting,0,4,1000,1000,980.0,1020.0,Xtreme,Xtreme,exhibition,,,,40.0,40.0,40.0,40.0,0.5,0.5,0.0,1.0,,
M0009,2025-09-07,FoxBrush,DranBuster,5,0,1000,1000,1024.12,975.88,Xtreme,Xtreme,exhibition,,,,40.0,40.0,40.0,40.0,0.5,0.5,1.1029,-0.1029,,
M0010,2025-09-07,HellsChain,TyrannoBeat,2,4,1000,1000,986.2,1013.8,Xtreme,Xtreme,exhibition,,,,40.0,40.0,40.0,40.0,0.5,0.5,0.1551,0.8449,,
M0011,2025-09-07,PhoenixWing,WizardArrow,4,3,1000,1000,1013.09,986.91,Xtreme,Xtreme,exhibition,,,,40.0,40.0,40.0,40.0,0.5,0.5,0.8271,0.1729,,
M0012,2025-09-07,SharkEdge,CobaltDragoon,0,5,1000,1000,975.88,1024.12,Xtreme,Xtreme,exhibition,,,,40.0,40.0,40.0,40.0,0.5,0.5,-0.1029,1.1029,,
M0013,2025-09-07,PerseusDark,WhaleWave,5,0,1000,1000,1024.12,975.88,Xtreme,Xtreme,exhibition,,,,40.0,40.0,40.0,40.0,0.5,0.5,1.1029,-0.1029,,
M0014,2025-09-07,SilverWolf,WizardRod,3,4,1000,1000,986.91,1013.09,Xtreme,Xtreme,exhibition,,,,40.0,40.0,40.0,40.0,0.5,0.5,0.1729,0.8271,,
M0015,2025-09-07,WeissTiger,RhinoReaper,4,0,1000,1000,1020.0,980.0,Xtreme,Xtreme,exhibition,,,,40.0,40.0,40.0,40.0,0.5,0.5,1.0,0.0,,
M0016,2025-09-07,ScorpioSpear,PhoenixRudder,2,4,1000,1000,986.2,1013.8,Xtreme,Xtreme,exhibition,,,,40.0,40.0,40.0,40.0,0.5,0.5,0.1551,0.8449,,
M0017,2025-09-07,ViperTail,TuskMammoth,2,5,1013.8,1013.8,996.54,1031.05,Xtreme,Xtreme,exhibition,,,,38.1942,38.1942,43.4633,43.4633,0.5,0.5,0.1029,0.8971,0.046,0.046
M0018,2025-09-07,GolemRock,ImpactDrake,0,4,1020.0,1013.09,996.63,1035.11,Xtreme,Xtreme,exhibition,,,,38.1942,38.1942,45.833,43.1922,0.5099,0.4901,0.0,1.0,0.0667,0.0436
M0019,2025-09-07,DranBrave,DranSword,3,5,1013.8,1013.09,998.76,1028.03,Xtreme,Xtreme,exhibition,,,,38.1942,38.1942,43.4633,43.1922,0.501,0.499,0.1551,0.8449,0.046,0.0436
M0020,2025-09-07,DranDagger,UnicornSting,1,4,1020.0,1020.0,1001.8,1038.2,Xtreme,Xtreme,exhibition,,,,38.1942,38.1942,45.833,45.833,0.5,0.5,0.1029,0.8971,0.0667,0.0667
M0021,2025-09-07,FoxBrush,TyrannoBeat,5,2,1024.12,1013.8,1042.24,997.18,Xtreme,Xtreme,exhibition,,,,38.1942,38.1942,47.4051,43.4633,0.5148,0.4852,0.8971,0.1029,0.0804,0.046
M0022,2025-09-07,PhoenixWing,CobaltDragoon,4,2,1013.09,1024.12,1028.67,1007.01,Xtreme,Xtreme,exhibition,,,,38.1942,38.1942,43.1922,47.4051,0.4841,0.5159,0.8449,0.1551,0.0436,0.0804
M0023,2025-09-07,PerseusDark,WizardRod,2,4,1024.12,1013.09,1007.01,1028.67,Xtreme,Xtreme,exhibition,,,,38.1942,38.1942,47.4051,43.1922,0.5159,0.4841,0.1551,0.8449,0.0804,0.0436
M0024,2025-09-07,WeissTiger,PhoenixRudder,3,4,1020.0,1013.8,1004.6,1028.4,Xtreme,Xtreme,exhibition,,,,38.1942,38.1942,45.833,43.4633,0.5089,0.4911,0.1729,0.8271,0.0667,0.046
M0025,2025-09-07,TuskMammoth,ImpactDrake,0,4,1031.05,1035.11,1007.99,1058.88,Xtreme,Xtreme,exhibition,,,,36.5049,36.5049,46.6679,48.0911,0.4942,0.5058,0.0,1.0,0.0928,0.1058
M0026,2025-09-07,DranSword,UnicornSting,4,1,1028.03,1038.2,1046.84,1018.18,Xtreme,Xtreme,exhibition,,,,36.5049,36.5049,45.6958,48.6308,0.4854,0.5146,0.8971,0.1029,0.0839,0.1107
M0027,2025-09-07,FoxBrush,PhoenixWing,4,0,1042.24,1028.67,1066.12,1006.61,Xtreme,Xtreme,exhibition,,,,36.5049,36.5049,49.7162,45.9126,0.5195,0.4805,1.0,0.0,0.1206,0.0859
M0028,2025-09-07,WizardRod,PhoenixRudder,4,2,1028.67,1028.4,1044.48,1012.63,Xtreme,Xtreme,exhibition,,,,36.5049,36.5049,45.9126,45.7767,0.5004,0.4996,0.8449,0.1551,0.0859,0.0847
M0029,2025-09-07,ImpactDrake,DranSword,4,2,1058.88,1046.84,1075.73,1031.02,Xtreme,Xtreme,exhibition,,,,34.9245,34.9245,51.4345,48.297,0.5173,0.4827,0.8449,0.1551,0.1576,0.1276
M0030,2025-09-07,FoxBrush,WizardRod,4,1,1066.12,1044.48,1085.37,1027.09,Xtreme,Xtreme,exhibition,,,,34.9245,34.9245,52.5908,47.5376,0.5311,0.4689,0.8971,0.1029,0.1686,0.1204
M0031,2025-09-07,ImpactDrake,FoxBrush,7,0,1075.73,1085.37,1111.11,1048.97,Xtreme,Xtreme,exhibition,,,,33.446,33.446,51.5314,53.0051,0.4861,0.5139,1.1729,-0.1729,0.1802,0.1949
M0032,2025-11-12,WeissTiger,ImpactDrake,3,4,1004.6,1111.11,997.83,1121.09,Xtreme,Xtreme,exhibition,,,,36.5049,32.0629,37.9251,55.8962,0.3513,0.6487,0.1729,0.8271,0.013,0.2478
M0033,2025-11-12,CobaltDragoon,WizardArc,5,3,1007.01,986.2,1019.26,972.51,Xtreme,Xtreme,exhibition,,,,36.5049,38.1942,38.8668,43.4633,0.5299,0.4701,0.8449,0.1551,0.0216,-0.046
M0034,2025-11-12,HellsChain,PhoenixWing,6,3,986.2,1006.61,1004.74,991.25,Xtreme,Xtreme,exhibition,,,,38.1942,34.9245,43.4633,36.0126,0.4707,0.5293,0.8971,0.1029,-0.046,0.0104
M0035,2025-11-12,UnicornSting,WizardRod,5,2,1018.18,1027.09,1034.26,1011.09,Xtreme,Xtreme,exhibition,,,,34.9245,33.446,39.2268,39.0181,0.4872,0.5128,0.8971,0.1029,0.0411,0.0555
M0036,2025-11-12,PhoenixRudder,SilverWolf,1,4,1012.63,986.91,996.23,1005.66,Xtreme,Xtreme,exhibition,,,,34.9245,38.1942,37.7995,43.1922,0.5369,0.4631,0.1029,0.8971,0.0274,-0.0436
M0037,2025-11-12,LeonCrest,GolemRock,2,4,986.91,996.63,972.62,1009.08,Xtreme,Xtreme,exhibition,,,,38.1942,36.5049,43.1922,37.6236,0.486,0.514,0.1551,0.8449,-0.0436,-0.0102
M0038,2025-11-12,CerberusFlame,TyrannoBeat,4,1,1000,997.18,1015.72,982.36,Xtreme,Xtreme,exhibition,,,,40.0,36.5049,40.0,37.7219,0.5041,0.4959,0.8971,0.1029,,-0.0111
M0039,2025-11-12,PerseusDark,KnightMail,0,5,1007.01,1000,983.19,1024.52,Xtreme,Xtreme,exhibition,,,,36.5049,40.0,38.8668,40.0,0.5101,0.4899,-0.1029,1.1029,0.0216,
M0040,2025-11-12,DranSword,BlackShell,1,4,1031.02,980.0,1012.14,1001.54,Xtreme,Xtreme,exhibition,,,,33.446,38.1942,40.1625,45.833,0.5729,0.4271,0.1029,0.8971,0.0669,-0.0667
M0041,2025-11-12,FoxBrush,PegasusBlast,4,0,1048.97,1000,1065.96,982.8,Xtreme,Xtreme,exhibition,,,,32.0629,40.0,39.5056,40.0,0.57,0.43,1.0,0.0,0.0774,
M0042,2025-11-12,DranBrave,ViperTail,0,4,998.76,996.54,980.05,1015.63,Xtreme,Xtreme,exhibition,,,,36.5049,36.5049,37.1912,37.9387,0.5032,0.4968,0.0,1.0,-0.0063,-0.0131
M0043,2025-11-12,HellsReaper,ScorpioSpear,2,4,986.2,986.2,971.21,1001.19,Xtreme,Xtreme,exhibition,,,,38.1942,38.1942,43.4633,43.4633,0.5,0.5,0.1551,0.8449,-0.046,-0.046
M0044,2025-11-12,WhaleWave,WhaleFlame,4,2,975.88,1000,993.88,984.82,Xtreme,Xtreme,exhibition,,,,38.1942,40.0,47.4051,40.0,0.4653,0.5347,0.8449,0.1551,-0.0804,
M0045,2025-11-12,DranBuster,SamuraiSaber,4,0,975.88,986.2,1000.29,963.83,Xtreme,Xtreme,exhibition,,,,38.1942,38.1942,47.4051,43.4633,0.4852,0.5148,1.0,0.0,-0.0804,-0.046
M0046,2025-11-12,WizardArrow,RhinoReaper,3,4,986.91,980.0,972.35,995.45,Xtreme,Xtreme,exhibition,,,,38.1942,38.1942,43.1922,45.833,0.5099,0.4901,0.1729,0.8271,-0.0436,-0.0667
M0047,2025-11-12,SharkEdge,CrimsonGaruda,4,1,975.88,980.0,994.99,961.53,Xtreme,Xtreme,exhibition,,,,38.1942,38.1942,47.4051,45.833,0.4941,0.5059,0.8971,0.1029,-0.0804,-0.0667
M0048,2025-11-12,LeonClaw,ImpactDrake,2,4,980.0,1121.09,973.02,1129.13,Xtreme,Xtreme,exhibition,,,,38.1942,30.769,45.833,52.7876,0.3074,0.6926,0.1551,0.8449,-0.0667,0.2385
M0049,2025-11-12,HellsHammer,CobaltDragoon,0,5,986.91,1019.26,962.88,1042.23,Xtreme,Xtreme,exhibition,,,,38.1942,34.9245,43.1922,41.283,0.4536,0.5464,-0.1029,1.1029,-0.0436,0.0607
M0050,2025-11-12,TuskMammoth,HellsChain,5,3,1007.99,1004.74,1020.39,991.69,Xtreme,Xtreme,exhibition,,,,34.9245,36.5049,36.4477,38.3669,0.5047,0.4953,0.8449,0.1551,0.0145,0.017
M0051,2025-11-12,DranDagger,UnicornSting,5,0,1001.8,1034.26,1025.85,1006.65,Xtreme,Xtreme,exhibition,,,,36.5049,33.446,37.0339,42.5008,0.4534,0.5466,1.1029,-0.1029,0.0048,0.0902
M0052,2025-11-12,GolemRock,CerberusFlame,1,4,1009.08,1015.72,994.11,1032.85,Xtreme,Xtreme,exhibition,,,,34.9245,38.1942,38.6197,44.199,0.4904,0.5096,0.1029,0.8971,0.0353,0.0524
M0053,2025-11-12,BlackShell,FoxBrush,0,4,1001.54,1065.96,986.42,1083.21,Xtreme,Xtreme,exhibition,,,,36.5049,30.769,37.0403,42.2511,0.4083,0.5917,0.0,1.0,0.0049,0.1244
M0054,2025-11-12,ScorpioSpear,WhaleWave,4,1,1001.19,993.88,1015.57,978.96,Xtreme,Xtreme,exhibition,,,,36.5049,36.5049,37.1763,38.5925,0.5105,0.4895,0.8971,0.1029,0.0061,-0.0191
M0055,2025-11-12,RhinoReaper,SharkEdge,4,2,995.45,994.99,1008.5,981.82,Xtreme,Xtreme,exhibition,,,,36.5049,36.5049,37.9102,38.2497,0.5007,0.4993,0.8449,0.1551,-0.0128,-0.0159
M0056,2025-11-12,ImpactDrake,SilverWolf,2,4,1129.13,1005.66,1103.52,1025.61,Xtreme,Xtreme,exhibition,,,,29.5585,36.5049,49.6915,38.7027,0.6706,0.3294,0.1551,0.8449,0.227,0.0201
M0057,2025-11-12,CobaltDragoon,KnightMail,3,5,1042.23,1024.52,1025.13,1042.13,Xtreme,Xtreme,exhibition,,,,33.446,38.1942,46.1684,47.5593,0.5255,0.4745,0.1551,0.8449,0.1268,0.0817
M0058,2025-11-12,TuskMammoth,ViperTail,5,1,1020.39,1015.63,1039.75,995.52,Xtreme,Xtreme,exhibition,,,,33.446,34.9245,39.2617,40.7652,0.5069,0.4931,1.0,0.0,0.058,0.0557
M0059,2025-11-12,DranDagger,DranBuster,4,2,1025.85,1000.29,1039.55,989.01,Xtreme,Xtreme,exhibition,,,,34.9245,36.5049,44.4362,36.6168,0.5367,0.4633,0.8449,0.1551,0.0908,-0.001
M0060,2025-11-12,SilverWolf,CerberusFlame,0,4,1025.61,1032.85,1004.1,1055.93,Xtreme,Xtreme,exhibition,,,,34.9245,36.5049,43.9476,47.1376,0.4896,0.5104,0.0,1.0,0.0861,0.0971
M0061,2025-11-12,KnightMail,FoxBrush,2,4,1042.13,1083.21,1027.93,1095.78,Xtreme,Xtreme,exhibition,,,,36.5049,29.5585,49.6702,43.9462,0.4412,0.5588,0.1551,0.8449,0.1202,0.1623
M0062,2025-11-12,TuskMammoth,ScorpioSpear,6,0,1039.75,1015.57,1066.57,990.2,Xtreme,Xtreme,exhibition,,,,32.0629,34.9245,43.2193,40.8815,0.5348,0.4652,1.1551,-0.1551,0.116,0.0569
M0063,2025-11-12,DranDagger,RhinoReaper,2,6,1039.55,1008.5,1014.79,1029.5,Xtreme,Xtreme,exhibition,,,,33.446,34.9245,45.4633,38.568,0.5446,0.4554,0.0,1.0,0.1198,0.0348
M0064,2025-11-12,CerberusFlame,FoxBrush,1,4,1055.93,1095.78,1038.73,1110.63,Xtreme,Xtreme,exhibition,,,,34.9245,28.4261,50.58,43.6702,0.4429,0.5571,0.1029,0.8971,0.1494,0.1788
M0065,2025-11-12,TuskMammoth,RhinoReaper,0,4,1066.57,1029.5,1040.19,1053.71,Xtreme,Xtreme,exhibition,,,,30.769,33.446,47.6828,43.7554,0.5531,0.4469,0.0,1.0,0.1832,0.1027
M0066,2025-11-12,FoxBrush,RhinoReaper,8,4,1110.63,1053.71,1128.98,1033.72,Xtreme,Xtreme,exhibition,,,,27.3667,32.0629,43.8078,47.7223,0.5812,0.4188,1.0,0.0,0.2003,0.1628
M0067,2025-12-02,FoxBrush,WhaleFlame,5,0,1128.98,984.82,1147.08,966.93,Xtreme,Xtreme,exhibition,,,,26.3757,38.1942,44.5271,43.9927,0.6963,0.3037,1.1029,-0.1029,0.2294,-0.0506
M0068,2025-12-02,ImpactDrake,PerseusDark,5,0,1103.52,983.19,1120.68,965.07,Xtreme,Xtreme,exhibition,,,,28.4261,34.9245,39.3453,41.5295,0.6666,0.3334,1.1029,-0.1029,0.128,-0.063
M0069,2025-12-02,CerberusFlame,ScorpioSpear,4,2,1038.73,990.2,1050.27,980.07,Xtreme,Xtreme,exhibition,,,,33.446,33.446,41.8911,36.8011,0.5694,0.4306,0.8449,0.1551,0.0842,-0.0334
M0070,2025-12-02,CobaltDragoon,PhoenixRudder,4,1,1025.13,996.23,1038.6,983.12,Xtreme,Xtreme,exhibition,,,,32.0629,33.446,37.8831,36.8666,0.5415,0.4585,0.8971,0.1029,0.0605,-0.0341
M0071,2025-12-02,DranDagger,LeonCrest,4,0,1014.79,972.62,1030.2,952.63,Xtreme,Xtreme,exhibition,,,,32.0629,36.5049,35.0631,45.4768,0.5604,0.4396,1.0,0.0,0.0312,-0.0819
M0072,2025-12-02,KnightMail,WizardArc,4,0,1027.93,972.51,1045.54,953.38,Xtreme,Xtreme,exhibition,,,,34.9245,36.5049,41.8444,45.4687,0.5791,0.4209,1.0,0.0,0.066,-0.0819
M0073,2025-12-02,RhinoReaper,TyrannoBeat,4,3,1033.72,982.36,1043.52,971.84,Xtreme,Xtreme,exhibition,,,,30.769,34.9245,38.6383,41.4243,0.5734,0.4266,0.8271,0.1729,0.0853,-0.062
M0074,2025-12-02,WeissTiger,HellsReaper,4,1,997.83,971.21,1010.83,954.74,Xtreme,Xtreme,exhibition,,,,34.9245,36.5049,36.2402,45.9055,0.5382,0.4618,0.8971,0.1029,-0.0126,-0.0858
M0075,2025-12-02,TuskMammoth,SharkEdge,4,3,1040.19,981.82,1049.24,971.78,Xtreme,Xtreme,exhibition,,,,29.5585,34.9245,37.1005,41.1799,0.5832,0.4168,0.8271,0.1729,0.0851,-0.0597
M0076,2025-12-02,UnicornSting,PhoenixWing,2,5,1006.65,991.25,992.87,1007.29,Xtreme,Xtreme,exhibition,,,,32.0629,33.446,32.8695,38.2478,0.5222,0.4778,0.1029,0.8971,-0.0084,-0.0479
M0077,2025-12-02,ViperTail,PegasusBlast,5,0,995.52,982.8,1016.1,956.63,Xtreme,Xtreme,exhibition,,,,33.446,38.1942,35.1957,44.7634,0.5183,0.4817,1.1029,-0.1029,-0.0174,-0.0573
M0078,2025-12-02,DranSword,DranBrave,5,2,1012.14,980.05,1023.56,965.12,Xtreme,Xtreme,exhibition,,,,32.0629,34.9245,32.5105,42.5232,0.5461,0.4539,0.8971,0.1029,-0.0047,-0.0725
M0079,2025-12-02,SilverWolf,HellsHammer,5,1,1004.1,962.88,1019.26,941.37,Xtreme,Xtreme,exhibition,,,,33.446,36.5049,34.3852,48.7707,0.559,0.441,1.0,0.0,0.0094,-0.112
M0080,2025-12-02,WizardRod,LeonClaw,1,4,1011.09,973.02,996.33,993.37,Xtreme,Xtreme,exhibition,,,,32.0629,36.5049,32.6906,45.0565,0.5546,0.4454,0.1029,0.8971,-0.0065,-0.0781
M0081,2025-12-02,DranBuster,BlackShell,0,4,989.01,986.42,969.2,1006.66,Xtreme,Xtreme,exhibition,,,,34.9245,34.9245,39.3223,40.185,0.5037,0.4963,0.0,1.0,-0.042,-0.0502
M0082,2025-12-02,HellsChain,WhaleWave,3,4,991.69,978.96,978.51,993.49,Xtreme,Xtreme,exhibition,,,,34.9245,34.9245,38.1331,42.0558,0.5183,0.4817,0.1729,0.8271,-0.0306,-0.0681
M0083,2025-12-02,GolemRock,SamuraiSaber,4,0,994.11,963.83,1010.35,941.74,Xtreme,Xtreme,exhibition,,,,33.446,36.5049,35.5637,48.3872,0.5435,0.4565,1.0,0.0,-0.0211,-0.1085
M0084,2025-12-02,WizardArrow,CrimsonGaruda,0,4,972.35,961.53,948.86,986.65,Xtreme,Xtreme,exhibition,,,,36.5049,36.5049,45.567,48.7173,0.5156,0.4844,0.0,1.0,-0.0827,-0.1115
M0085,2025-12-02,FoxBrush,ViperTail,2,5,1147.08,1016.1,1121.24,1038.09,Xtreme,Xtreme,exhibition,,,,25.4485,32.0629,44.7655,38.1067,0.68,0.32,0.1029,0.8971,0.253,0.0628
M0086,2025-12-02,ImpactDrake,DranSword,2,4,1120.68,1023.56,1100.84,1040.26,Xtreme,Xtreme,exhibition,,,,27.3667,30.769,41.2539,34.7171,0.6362,0.3638,0.1551,0.8449,0.1691,0.0428
M0087,2025-12-02,CerberusFlame,SilverWolf,4,0,1050.27,1019.26,1069.68,1001.72,Xtreme,Xtreme,exhibition,,,,32.0629,32.0629,42.6127,38.4986,0.5445,0.4555,1.0,0.0,0.1097,0.0669
M0088,2025-12-02,CobaltDragoon,GolemRock,4,1,1038.6,1010.35,1052.86,997.46,Xtreme,Xtreme,exhibition,,,,30.769,32.0629,39.9862,36.1585,0.5406,0.4594,0.8971,0.1029,0.0999,0.0426
M0089,2025-12-02,DranDagger,PhoenixWing,4,3,1030.2,1007.29,1041.58,997.44,Xtreme,Xtreme,exhibition,,,,30.769,32.0629,38.6748,33.4504,0.5329,0.4671,0.8271,0.1729,0.0856,0.0144
M0090,2025-12-02,KnightMail,LeonClaw,2,4,1045.54,993.37,1026.74,1008.34,Xtreme,Xtreme,exhibition,,,,33.446,34.9245,44.8207,35.7052,0.5745,0.4255,0.1551,0.8449,0.1134,-0.0075
M0091,2025-12-02,RhinoReaper,BlackShell,5,0,1043.52,1006.66,1065.04,986.96,Xtreme,Xtreme,exhibition,,,,29.5585,33.446,39.1106,35.8189,0.5529,0.4471,1.1029,-0.1029,0.1077,0.0236
M0092,2025-12-02,WeissTiger,WhaleWave,4,0,1010.83,993.49,1028.48,976.98,Xtreme,Xtreme,exhibition,,,,33.446,33.446,37.1551,34.7432,0.5249,0.4751,1.0,0.0,0.037,-0.0129
M0093,2025-12-02,TuskMammoth,CrimsonGaruda,5,3,1049.24,986.65,1058.83,976.97,Xtreme,Xtreme,exhibition,,,,28.4261,34.9245,37.4856,37.8479,0.5891,0.4109,0.8449,0.1551,0.1062,-0.0279
M0094,2025-12-02,UnicornSting,LeonCrest,2,5,992.87,952.63,976.23,974.69,Xtreme,Xtreme,exhibition,,,,30.769,34.9245,36.5998,48.5049,0.5577,0.4423,0.1029,0.8971,-0.0632,-0.1296
M0095,2025-12-02,WizardRod,WizardArc,2,4,996.33,953.38,981.35,972.98,Xtreme,Xtreme,exhibition,,,,30.769,34.9245,36.8501,48.2371,0.5615,0.4385,0.1551,0.8449,-0.0659,-0.1271
M0096,2025-12-02,DranBuster,TyrannoBeat,4,0,969.2,971.84,991.28,950.57,Xtreme,Xtreme,exhibition,,,,33.446,33.446,43.8352,42.2356,0.4962,0.5038,1.0,0.0,-0.1035,-0.0876
M0097,2025-12-02,HellsChain,HellsReaper,4,1,978.51,954.74,993.3,937.42,Xtreme,Xtreme,exhibition,,,,33.446,34.9245,40.7307,47.7324,0.5342,0.4658,0.8971,0.1029,-0.0726,-0.1222
M0098,2025-12-02,WizardArrow,SharkEdge,1,4,948.86,971.78,930.78,987.04,Xtreme,Xtreme,exhibition,,,,34.9245,33.446,49.6408,41.9012,0.4671,0.5329,0.1029,0.8971,-0.1405,-0.0843
M0099,2025-12-02,WhaleFlame,PegasusBlast,4,2,966.93,956.63,982.53,939.97,Xtreme,Xtreme,exhibition,,,,36.5049,36.5049,47.2448,50.4826,0.5148,0.4852,0.8449,0.1551,-0.0981,-0.1276
M0100,2025-12-02,PerseusDark,DranBrave,4,1,965.07,965.12,982.85,947.47,Xtreme,Xtreme,exhibition,,,,33.446,33.446,44.7655,44.4491,0.4999,0.5001,0.8971,0.1029,-0.1128,-0.1097
M0101,2025-12-02,ScorpioSpear,HellsHammer,5,1,980.07,941.37,997.13,918.59,Xtreme,Xtreme,exhibition,,,,32.0629,34.9245,38.3838,51.2548,0.5555,0.4445,1.0,0.0,-0.0657,-0.1559
M0102,2025-12-02,PhoenixRudder,SamuraiSaber,4,1,983.12,941.74,996.45,924.46,Xtreme,Xtreme,exhibition,,,,32.0629,34.9245,39.4654,51.1543,0.5593,0.4407,0.8971,0.1029,-0.077,-0.1549
M0103,2025-12-11,ViperTail,DranDagger,2,5,1038.09,1041.58,1021.27,1057.12,Xtreme,Xtreme,exhibition,,,,30.769,29.5585,42.8988,39.6192,0.495,0.505,0.1029,0.8971,0.1314,0.1135
M0104,2025-12-11,TuskMammoth,LeonCrest,4,1,1058.83,974.69,1069.33,963.93,Xtreme,Xtreme,exhibition,,,,27.3667,33.446,37.7255,38.6335,0.6188,0.3812,0.8971,0.1029,0.1262,-0.0517
M0105,2025-12-11,CerberusFlame,BlackShell,4,1,1069.68,986.96,1082.33,976.55,Xtreme,Xtreme,exhibition,,,,30.769,32.0629,45.1491,37.1458,0.6169,0.3831,0.8971,0.1029,0.1558,-0.0528
M0106,2025-12-11,FoxBrush,DranBrave,0,4,1121.24,947.47,1095.6,981.32,Xtreme,Xtreme,exhibition,,,,24.5812,32.0629,35.0772,46.2984,0.7311,0.2689,0.0,1.0,0.1423,-0.148
M0107,2025-12-11,PhoenixWing,CobaltDragoon,5,3,997.44,1052.86,1011.54,1035.29,Xtreme,Xtreme,exhibition,,,,30.769,29.5585,33.236,41.4478,0.4209,0.5791,0.8449,0.1551,-0.0267,0.1341
M0108,2025-12-11,KnightMail,ScorpioSpear,2,4,1026.74,997.13,1012.74,1009.13,Xtreme,Xtreme,exhibition,,,,32.0629,30.769,36.1343,30.9832,0.5425,0.4575,0.1551,0.8449,0.0423,0.0023
M0109,2025-12-11,ImpactDrake,PhoenixRudder,4,1,1100.84,996.45,1109.1,988.22,Xtreme,Xtreme,exhibition,,,,26.3757,30.769,32.8992,32.7677,0.6459,0.3541,0.8971,0.1029,0.0824,-0.0217
M0110,2025-12-11,SharkEdge,SamuraiSaber,4,2,987.04,924.46,995.84,911.3,Xtreme,Xtreme,exhibition,,,,32.0629,33.446,34.4172,51.436,0.5891,0.4109,0.8449,0.1551,-0.0245,-0.1793
M0111,2025-12-11,ImpactDrake,DranDagger,4,0,1109.1,1057.12,1123.35,1039.55,Xtreme,Xtreme,exhibition,,,,25.4485,28.4261,33.461,41.2695,0.5743,0.4257,1.0,0.0,0.1049,0.1506
M0112,2025-12-11,PhoenixWing,KnightMail,2,6,1011.54,1012.74,995.33,1028.76,Xtreme,Xtreme,exhibition,,,,29.5585,30.769,32.5173,32.1507,0.4983,0.5017,0.0,1.0,0.0334,-0.015
M0113,2025-12-11,DranBrave,TuskMammoth,3,5,981.32,1069.33,973.89,1077.71,Xtreme,Xtreme,exhibition,,,,30.769,26.3757,33.6101,37.9646,0.376,0.624,0.1551,0.8449,-0.0308,0.1465
M0114,2025-12-11,SharkEdge,CerberusFlame,4,3,995.84,1082.33,1010.19,1062.19,Xtreme,Xtreme,exhibition,,,,30.769,29.5585,31.959,44.8445,0.378,0.622,0.8271,0.1729,0.0129,0.1724
M0115,2025-12-11,SharkEdge,KnightMail,5,2,1010.19,1028.76,1025.39,1014.23,Xtreme,Xtreme,exhibition,,,,29.5585,29.5585,35.8593,34.2992,0.4733,0.5267,0.8971,0.1029,0.0711,0.0535
M0116,2025-12-11,ImpactDrake,TuskMammoth,4,1,1123.35,1077.71,1135.12,1065.31,Xtreme,Xtreme,exhibition,,,,24.5812,25.4485,35.4747,37.3876,0.5653,0.4347,0.8971,0.1029,0.1477,0.1564
M0117,2025-12-11,KnightMail,TuskMammoth,4,2,1014.23,1065.31,1026.47,1052.22,Xtreme,Xtreme,exhibition,,,,28.4261,24.5812,29.2936,31.3133,0.427,0.573,0.8449,0.1551,-0.0102,0.0913
M0118,2025-12-11,ImpactDrake,SharkEdge,6,3,1135.12,1025.39,1143.92,1015.99,Xtreme,Xtreme,exhibition,,,,23.7698,28.4261,36.054,38.4963,0.6529,0.3471,0.8971,0.1029,0.1723,0.1181
M0119,2025-12-27,CerberusFlame,WeissTiger,0,4,1062.19,1028.48,1042.42,1051.1,Xtreme,Xtreme,exhibition,,,,28.4261,32.0629,36.0598,41.2371,0.5484,0.4516,0.0,1.0,0.0895,0.0954
M0120,2025-12-27,CobaltDragoon,TuskMammoth,4,0,1035.29,1052.22,1052.86,1038.88,Xtreme,Xtreme,exhibition,,,,28.4261,23.7698,33.5147,25.4385,0.4756,0.5244,1.0,0.0,0.0597,0.0234
M0121,2025-12-27,DranDagger,ViperTail,0,4,1039.55,1021.27,1021.96,1039.7,Xtreme,Xtreme,exhibition,,,,27.3667,29.5585,33.4224,35.0218,0.5263,0.4737,0.0,1.0,0.0738,0.0616
M0122,2025-12-27,RhinoReaper,DranSword,2,4,1065.04,1040.26,1048.81,1054.92,Xtreme,Xtreme,exhibition,,,,28.4261,29.5585,42.6417,38.5343,0.5356,0.4644,0.1551,0.8449,0.1667,0.1012
M0123,2025-12-27,SamuraiSaber,HellsReaper,0,4,911.3,937.42,888.04,960.05,Xtreme,Xtreme,exhibition,,,,32.0629,33.446,50.29,48.9318,0.4625,0.5375,0.0,1.0,-0.1895,-0.1543
M0124,2025-12-27,HellsHammer,TyrannoBeat,1,4,918.59,950.57,899.99,966.66,Xtreme,Xtreme,exhibition,,,,33.446,32.0629,52.9471,45.8269,0.4541,0.5459,0.1029,0.8971,-0.1944,-0.1431
M0125,2025-12-27,DranBrave,WizardArrow,4,0,973.89,930.78,989.03,908.64,Xtreme,Xtreme,exhibition,,,,29.5585,33.446,34.5354,50.5322,0.5617,0.4383,1.0,0.0,-0.0561,-0.1703
M0126,2025-12-27,PegasusBlast,WizardRod,2,5,939.97,981.35,922.7,994.67,Xtreme,Xtreme,exhibition,,,,34.9245,29.5585,51.1251,39.4263,0.4407,0.5593,0.1029,0.8971,-0.1546,-0.1113
M0127,2025-12-27,LeonClaw,FoxBrush,1,5,1008.34,1095.6,993.86,1105.26,Xtreme,Xtreme,exhibition,,,,33.446,23.7698,38.409,25.6146,0.377,0.623,0.0,1.0,0.0495,0.0259
M0128,2025-12-27,UnicornSting,CrimsonGaruda,4,0,976.23,976.97,996.17,957.28,Xtreme,Xtreme,exhibition,,,,29.5585,33.446,39.7898,39.2942,0.4989,0.5011,1.0,0.0,-0.1154,-0.0583
M0129,2025-12-27,ImpactDrake,ScorpioSpear,0,4,1143.92,1009.13,1119.57,1032.63,Xtreme,Xtreme,exhibition,,,,23.0107,29.5585,35.5651,34.3172,0.6848,0.3152,0.0,1.0,0.1819,0.0537
M0130,2025-12-27,KnightMail,PhoenixRudder,5,0,1026.47,988.22,1043.58,969.48,Xtreme,Xtreme,exhibition,,,,27.3667,29.5585,31.2173,34.193,0.5548,0.4452,1.1029,-0.1029,0.0469,-0.0523
M0131,2025-12-27,BlackShell,LeonCrest,2,4,976.55,963.93,962.59,978.43,Xtreme,Xtreme,exhibition,,,,30.769,32.0629,38.4456,39.9423,0.5181,0.4819,0.1551,0.8449,-0.0832,-0.0819
M0132,2025-12-27,WhaleWave,WizardArc,5,2,976.98,972.98,992.33,957.69,Xtreme,Xtreme,exhibition,,,,32.0629,33.446,39.2333,39.0583,0.5058,0.4942,0.8971,0.1029,-0.0745,-0.0559
M0133,2025-12-27,SilverWolf,SharkEdge,2,4,1001.72,1015.99,991.66,1026.72,Xtreme,Xtreme,exhibition,,,,30.769,27.3667,31.0224,33.0954,0.4795,0.5205,0.1551,0.8449,-0.0027,0.0698
M0134,2025-12-27,DranBuster,PhoenixWing,6,0,991.28,995.33,1013.91,974.43,Xtreme,Xtreme,exhibition,,,,32.0629,28.4261,34.2331,31.6255,0.4942,0.5058,1.1551,-0.1551,-0.0226,-0.0375
M0135,2025-12-27,HellsChain,PerseusDark,2,6,993.3,982.85,976.06,1001.58,Xtreme,Xtreme,exhibition,,,,32.0629,32.0629,33.4604,36.3737,0.515,0.485,0.0,1.0,-0.0145,-0.0448
M0136,2025-12-27,GolemRock,WhaleWave,4,0,997.46,992.33,1013.1,976.61,Xtreme,Xtreme,exhibition,,,,30.769,30.769,31.7507,31.9161,0.5074,0.4926,1.0,0.0,-0.0106,-0.0124
M0137,2025-12-27,FoxBrush,DranBuster,6,0,1105.26,1013.91,1120.02,994.37,Xtreme,Xtreme,exhibition,,,,23.0107,30.769,28.0286,37.0986,0.6285,0.3715,1.1551,-0.1551,0.0727,0.0686
M0138,2025-12-27,CerberusFlame,GolemRock,0,5,1042.42,1013.1,1024.53,1035.39,Xtreme,Xtreme,exhibition,,,,27.3667,29.5585,27.7333,34.5657,0.5421,0.4579,-0.1029,1.1029,0.0045,0.0565
M0139,2025-12-27,DranDagger,PerseusDark,4,1,1021.96,1001.58,1031.84,989.25,Xtreme,Xtreme,exhibition,,,,26.3757,30.769,26.8698,33.5225,0.5293,0.4707,0.8971,0.1029,-0.0062,0.0298
M0140,2025-12-27,TuskMammoth,ScorpioSpear,4,3,1038.88,1032.63,1047.3,1019.85,Xtreme,Xtreme,exhibition,,,,23.0107,28.4261,26.437,40.1788,0.509,0.491,0.8271,0.1729,-0.0496,0.1378
M0141,2025-12-27,LeonClaw,LeonCrest,3,4,993.86,978.43,982.42,989.91,Xtreme,Xtreme,exhibition,,,,32.0629,30.769,32.7747,32.8542,0.5222,0.4778,0.1729,0.8271,-0.0074,-0.0226
M0142,2025-12-27,KnightMail,SharkEdge,0,4,1043.58,1026.72,1025.03,1044.85,Xtreme,Xtreme,exhibition,,,,26.3757,26.3757,35.3743,34.5829,0.5242,0.4758,0.0,1.0,0.1137,0.1037
M0143,2025-12-27,RhinoReaper,WhaleWave,3,5,1048.81,976.61,1033.13,992.87,Xtreme,Xtreme,exhibition,,,,27.3667,29.5585,35.0627,36.3381,0.6024,0.3976,0.1551,0.8449,0.0937,-0.0765
M0144,2025-12-27,ImpactDrake,PhoenixWing,3,6,1119.57,974.43,1103.67,996.59,Xtreme,Xtreme,exhibition,,,,22.3006,27.3667,26.7367,37.2713,0.6975,0.3025,0.1029,0.8971,0.0663,-0.1206
M0145,2025-12-27,SilverWolf,DranBrave,3,5,991.66,989.03,979.94,999.23,Xtreme,Xtreme,exhibition,,,,29.5585,28.4261,33.6046,29.2615,0.5038,0.4962,0.1551,0.8449,-0.0456,0.0098
M0146,2025-12-27,HellsChain,BlackShell,4,0,976.06,962.59,994.46,943.25,Xtreme,Xtreme,exhibition,,,,30.769,29.5585,38.2701,40.2421,0.5194,0.4806,1.0,0.0,-0.0813,-0.1205
M0147,2025-12-27,WhaleFlame,UnicornSting,0,4,982.53,996.17,963.69,1011.18,Xtreme,Xtreme,exhibition,,,,34.9245,28.4261,39.2184,31.2563,0.4804,0.5196,0.0,1.0,-0.041,-0.0332
M0148,2025-12-27,PhoenixRudder,WizardRod,0,4,969.48,994.67,951.61,1009.89,Xtreme,Xtreme,exhibition,,,,28.4261,28.4261,38.5207,32.8094,0.4638,0.5362,0.0,1.0,-0.1184,-0.0514
M0149,2025-12-27,WizardArc,HellsReaper,3,5,957.69,960.05,943.44,973.36,Xtreme,Xtreme,exhibition,,,,32.0629,32.0629,41.7448,38.9975,0.4966,0.5034,0.1551,0.8449,-0.1007,-0.0721
M0150,2025-12-27,TyrannoBeat,CrimsonGaruda,2,4,966.66,957.28,953.08,972.81,Xtreme,Xtreme,exhibition,,,,30.769,32.0629,37.8939,43.3479,0.5135,0.4865,0.1551,0.8449,-0.0772,-0.1173
M0151,2025-12-27,LeonClaw,WizardRod,4,2,982.42,1009.89,996.12,998.82,Xtreme,Xtreme,exhibition,,,,30.769,27.3667,35.6604,28.7866,0.4605,0.5395,0.8449,0.1551,-0.053,0.0173
M0152,2025-12-27,CerberusFlame,CrimsonGaruda,5,3,1024.53,972.81,1033.44,963.13,Xtreme,Xtreme,exhibition,,,,26.3757,30.769,32.8744,35.7437,0.5739,0.4261,0.8449,0.1551,-0.0821,-0.0539
M0153,2025-12-27,UnicornSting,DranBrave,1,4,1011.18,999.23,998.64,1012.44,Xtreme,Xtreme,exhibition,,,,27.3667,27.3667,30.2639,31.8806,0.5172,0.4828,0.1029,0.8971,0.0353,0.055
M0154,2025-12-27,HellsChain,HellsReaper,0,4,994.46,973.36,978.48,990.51,Xtreme,Xtreme,exhibition,,,,29.5585,30.769,30.1211,32.3333,0.5303,0.4697,0.0,1.0,-0.0063,-0.0169
M0155,2025-12-27,PhoenixWing,KnightMail,4,0,996.59,1025.03,1011.94,1010.09,Xtreme,Xtreme,exhibition,,,,26.3757,25.4485,28.3755,27.6368,0.4592,0.5408,1.0,0.0,-0.0253,0.0287
M0156,2025-12-27,DranBuster,ScorpioSpear,2,5,994.37,1019.85,983.37,1032.0,Xtreme,Xtreme,exhibition,,,,29.5585,27.3667,30.5148,33.6902,0.4634,0.5366,0.1029,0.8971,-0.0108,0.077
M0157,2025-12-27,PerseusDark,RhinoReaper,6,3,989.25,1033.13,1003.79,1020.21,Xtreme,Xtreme,exhibition,,,,29.5585,26.3757,31.6148,28.0846,0.4372,0.5628,0.8971,0.1029,-0.0232,0.0216
M0158,2025-12-27,PhoenixWing,ScorpioSpear,1,5,1011.94,1032.0,998.14,1048.7,Xtreme,Xtreme,exhibition,,,,25.4485,26.3757,29.2817,35.4609,0.4712,0.5288,0.0,1.0,0.0502,0.1148
M0159,2025-12-27,HellsReaper,PerseusDark,4,2,990.51,1003.79,1003.08,992.16,Xtreme,Xtreme,exhibition,,,,29.5585,28.4261,34.5262,31.9416,0.4809,0.5191,0.8449,0.1551,0.056,0.0412
M0160,2025-12-27,LeonCrest,WhaleWave,4,3,989.91,992.87,1000.5,983.26,Xtreme,Xtreme,exhibition,,,,29.5585,28.4261,31.9527,28.9904,0.4957,0.5043,0.8271,0.1729,0.027,-0.0066
M0161,2025-12-27,DranSword,CerberusFlame,5,0,1054.92,1033.44,1077.94,1017.35,Xtreme,Xtreme,exhibition,,,,28.4261,25.4485,40.2334,28.1242,0.5309,0.4691,1.1029,-0.1029,0.1385,-0.035
M0162,2025-12-27,DranDagger,LeonClaw,0,5,1031.84,996.12,1013.01,1015.76,Xtreme,Xtreme,exhibition,,,,25.4485,29.5585,28.7795,30.0303,0.5512,0.4488,-0.1029,1.1029,0.0436,0.0053
M0163,2025-12-27,FoxBrush,GolemRock,0,6,1120.02,1035.39,1095.84,1066.32,Xtreme,Xtreme,exhibition,,,,22.3006,28.4261,31.2126,39.9334,0.6194,0.3806,-0.1551,1.1551,0.1332,0.1349
M0164,2025-12-27,WeissTiger,DranBrave,4,2,1051.1,1012.44,1064.17,1002.45,Xtreme,Xtreme,exhibition,,,,30.769,26.3757,45.1481,34.5169,0.5554,0.4446,0.8449,0.1551,0.1558,0.1029
M0165,2025-12-27,TuskMammoth,SharkEdge,5,2,1047.3,1044.85,1056.09,1030.04,Xtreme,Xtreme,exhibition,,,,22.3006,25.4485,22.3405,37.6479,0.5035,0.4965,0.8971,0.1029,-0.0006,0.1598
M0166,2025-12-27,ViperTail,ScorpioSpear,5,0,1039.7,1048.7,1063.7,1025.4,Xtreme,Xtreme,exhibition,,,,28.4261,25.4485,38.9635,37.8419,0.4871,0.5129,1.1029,-0.1029,0.1236,0.1623
M0167,2025-12-27,CobaltDragoon,HellsReaper,1,5,1052.86,1003.08,1031.53,1024.04,Xtreme,Xtreme,exhibition,,,,27.3667,28.4261,37.3525,36.7052,0.5712,0.4288,0.0,1.0,0.1216,0.0971
M0168,2025-12-27,DranSword,LeonClaw,6,3,1077.94,1015.76,1091.35,1004.58,Xtreme,Xtreme,exhibition,,,,27.3667,28.4261,43.4802,36.257,0.5885,0.4115,0.8971,0.1029,0.1963,0.0918
M0169,2025-12-27,WeissTiger,TuskMammoth,0,4,1064.17,1056.09,1041.17,1068.88,Xtreme,Xtreme,exhibition,,,,29.5585,21.6363,44.9529,25.0091,0.5116,0.4884,0.0,1.0,0.1736,0.052
M0170,2025-12-27,ViperTail,LeonCrest,0,4,1063.7,1000.5,1038.39,1020.67,Xtreme,Xtreme,exhibition,,,,27.3667,28.4261,42.9003,34.1897,0.59,0.41,0.0,1.0,0.1892,0.0676
M0171,2025-12-27,HellsReaper,GolemRock,2,4,1024.04,1066.32,1012.52,1079.24,Xtreme,Xtreme,exhibition,,,,27.3667,27.3667,40.5268,45.4467,0.4395,0.5605,0.1551,0.8449,0.1603,0.2202
M0172,2025-12-27,LeonCrest,DranSword,5,1,1020.67,1091.35,1043.86,1065.48,Xtreme,Xtreme,exhibition,,,,27.3667,26.3757,38.6338,43.0905,0.3997,0.6003,1.0,0.0,0.1372,0.2112
M0173,2025-12-27,GolemRock,TuskMammoth,3,6,1079.24,1068.88,1060.92,1080.48,Xtreme,Xtreme,exhibition,,,,26.3757,21.0148,44.4775,28.1546,0.5149,0.4851,0.1029,0.8971,0.2288,0.1132
M0174,2025-12-27,DranSword,GolemRock,4,0,1065.48,1060.92,1081.92,1042.96,Xtreme,Xtreme,exhibition,,,,25.4485,25.4485,33.3144,36.3913,0.5066,0.4934,1.0,0.0,0.103,0.1433
M0175,2025-12-27,LeonCrest,TuskMammoth,8,2,1043.86,1080.48,1073.67,1059.38,Xtreme,Xtreme,exhibition,,,,26.3757,20.4334,42.1206,29.8175,0.4475,0.5525,1.1551,-0.1551,0.199,0.1531
M0176,2026-01-04,SolEclipse,CobaltDrake,5,2,1000,1000,1015.88,984.12,Xtreme,Xtreme,exhibition,,,,40.0,40.0,40.0,40.0,0.5,0.5,0.8971,0.1029,,
M0177,2026-01-04,SharkScale,SolEclipse,4,2,1000,1015.88,1014.71,999.61,Xtreme,Xtreme,exhibition,,,,40.0,38.1942,40.0,44.261,0.4772,0.5228,0.8449,0.1551,,0.0529
M0178,2026-01-04,FoxBrush,CobaltDrake,4,3,1095.84,984.12,1099.69,976.52,Xtreme,Xtreme,exhibition,,,,21.6363,38.1942,22.4267,44.261,0.6555,0.3445,0.8271,0.1729,0.0122,-0.0529
M0179,2026-01-04,HellsChain,WeissTiger,5,0,978.48,1041.17,1002.66,1016.64,Xtreme,Xtreme,exhibition,,,,28.4261,28.4261,34.925,35.4394,0.4108,0.5892,1.1029,-0.1029,-0.0762,0.0822
M0180,2026-01-04,HellsReaper,LeonCrest,6,1,1012.52,1073.67,1036.23,1042.06,Xtreme,Xtreme,exhibition,,,,26.3757,25.4485,34.3682,45.8176,0.4129,0.5871,1.1029,-0.1029,0.101,0.2668
M0181,2026-01-04,DranBrave,DranBuster,4,3,1002.45,983.37,1011.23,973.38,Xtreme,Xtreme,exhibition,,,,25.4485,28.4261,29.3095,33.3222,0.5274,0.4726,0.8271,0.1729,0.0506,-0.0574
M0182,2026-01-04,GolemRock,WizardRod,5,3,1042.96,998.82,1051.1,990.59,Xtreme,Xtreme,exhibition,,,,24.5812,26.3757,28.8901,29.2446,0.5632,0.4368,0.8449,0.1551,0.0584,-0.0363
M0183,2026-01-04,SharkEdge,PerseusDark,0,4,1030.04,992.16,1012.89,1007.92,Xtreme,Xtreme,exhibition,,,,24.5812,27.3667,30.9237,28.418,0.5543,0.4457,0.0,1.0,0.086,-0.0128
M0184,2026-01-04,SharkScale,LeonClaw,5,0,1014.71,1004.58,1040.49,986.62,Xtreme,Xtreme,exhibition,,,,38.1942,27.3667,43.8123,30.5227,0.5146,0.4854,1.1029,-0.1029,0.049,0.0384
M0185,2026-01-04,TuskMammoth,SamuraiSaber,4,2,1059.38,888.04,1061.97,882.03,Xtreme,Xtreme,exhibition,,,,19.8895,30.769,22.1763,51.6204,0.7284,0.2716,0.8449,0.1551,0.0383,-0.2259
M0186,2026-01-04,CerberusFlame,RhinoReaper,4,0,1017.35,1020.21,1033.71,1005.74,Xtreme,Xtreme,exhibition,,,,24.5812,25.4485,32.4455,28.7011,0.4959,0.5041,1.0,0.0,-0.1066,-0.0426
M0187,2026-01-04,CobaltDragoon,KnightMail,4,0,1031.53,1010.09,1044.99,996.92,Xtreme,Xtreme,exhibition,,,,26.3757,24.5812,28.6907,28.0671,0.5308,0.4692,1.0,0.0,0.0293,-0.0473
M0188,2026-01-04,DranSword,ImpactDrake,0,5,1081.92,1103.67,1061.33,1116.85,Xtreme,Xtreme,exhibition,,,,24.5812,21.6363,36.0176,23.0523,0.4687,0.5313,-0.1029,1.1029,0.1551,-0.0218
M0189,2026-01-04,WhaleWave,TyrannoBeat,5,0,983.26,953.08,1000.87,930.85,Xtreme,Xtreme,exhibition,,,,27.3667,29.5585,31.4652,39.7279,0.5433,0.4567,1.1029,-0.1029,-0.0499,-0.1147
M0190,2026-01-04,WizardArc,ViperTail,3,5,943.44,1038.39,934.34,1045.4,Xtreme,Xtreme,exhibition,,,,30.769,26.3757,43.0244,33.1263,0.3667,0.6333,0.1551,0.8449,-0.1328,0.0853
M0191,2026-01-04,BlackShell,SolEclipse,0,6,943.25,999.61,918.65,1020.79,Xtreme,Xtreme,exhibition,,,,28.4261,36.5049,42.7954,36.8492,0.4196,0.5804,-0.1551,1.1551,-0.1685,-0.0031
M0192,2026-01-04,UnicornSting,WhaleFlame,4,2,998.64,963.69,1006.99,950.88,Xtreme,Xtreme,exhibition,,,,26.3757,33.446,28.3266,43.4366,0.5501,0.4499,0.8449,0.1551,-0.0247,-0.0996
M0193,2026-01-04,CrimsonGaruda,WizardArrow,4,0,963.13,908.64,978.71,886.73,Xtreme,Xtreme,exhibition,,,,29.5585,32.0629,36.9045,51.8796,0.5778,0.4222,1.0,0.0,-0.0828,-0.206
M0194,2026-01-04,FoxBrush,HellsChain,0,4,1099.69,1002.66,1084.98,1021.43,Xtreme,Xtreme,exhibition,,,,21.0148,27.3667,23.1233,29.521,0.6361,0.3639,0.0,1.0,0.0334,0.0262
M0195,2026-01-04,HellsReaper,DranBrave,0,4,1036.23,1011.23,1015.25,1027.72,Xtreme,Xtreme,exhibition,,,,25.4485,24.5812,39.1557,30.7603,0.5359,0.4641,0.0,1.0,0.1795,0.0838
M0196,2026-01-04,GolemRock,PerseusDark,4,0,1051.1,1007.92,1064.27,994.18,Xtreme,Xtreme,exhibition,,,,23.7698,26.3757,30.0593,31.3454,0.5618,0.4382,1.0,0.0,0.0882,0.0628
M0197,2026-01-04,SharkScale,TuskMammoth,2,5,1040.49,1061.97,1022.27,1070.1,Xtreme,Xtreme,exhibition,,,,36.5049,19.3807,49.7492,22.2152,0.4691,0.5309,0.1029,0.8971,0.1209,0.0488
M0198,2026-01-04,CerberusFlame,CobaltDragoon,4,2,1033.71,1044.99,1042.94,1033.37,Xtreme,Xtreme,exhibition,,,,23.7698,25.4485,25.5675,32.1604,0.4838,0.5162,0.8449,0.1551,-0.0252,0.0879
M0199,2026-01-04,ImpactDrake,WhaleWave,4,1,1116.85,1000.87,1122.66,994.05,Xtreme,Xtreme,exhibition,,,,21.0148,26.3757,24.6281,28.856,0.661,0.339,0.8971,0.1029,0.0573,0.0313
M0200,2026-01-04,ViperTail,SolEclipse,2,5,1045.4,1020.79,1031.02,1039.24,Xtreme,Xtreme,exhibition,,,,25.4485,34.9245,33.2469,42.6675,0.5354,0.4646,0.1029,0.8971,0.1021,0.0739
M0201,2026-01-04,UnicornSting,CrimsonGaruda,0,4,1006.99,978.71,992.49,994.79,Xtreme,Xtreme,exhibition,,,,25.4485,28.4261,26.8176,29.7479,0.5406,0.4594,0.0,1.0,0.0179,-0.0155
M0202,2026-01-04,HellsChain,DranBrave,1,4,1021.43,1027.72,1007.9,1040.93,Xtreme,Xtreme,exhibition,,,,26.3757,23.7698,34.8864,34.0437,0.491,0.509,0.1029,0.8971,0.1076,0.1441
M0203,2026-01-04,GolemRock,TuskMammoth,4,0,1064.27,1070.1,1080.7,1057.87,Xtreme,Xtreme,exhibition,,,,23.0107,18.9047,32.3206,24.0703,0.4916,0.5084,1.0,0.0,0.1349,0.0911
M0204,2026-01-04,CerberusFlame,ImpactDrake,4,2,1042.94,1122.66,1054.3,1111.04,Xtreme,Xtreme,exhibition,,,,23.0107,20.4334,24.8263,25.4082,0.3872,0.6128,0.8449,0.1551,0.0263,0.0812
M0205,2026-01-04,SolEclipse,CrimsonGaruda,3,4,1039.24,994.79,1021.4,1007.36,Xtreme,Xtreme,exhibition,,,,33.446,27.3667,45.6582,32.1818,0.5636,0.4364,0.1729,0.8271,0.1217,0.0586
M0206,2026-01-04,HellsChain,TuskMammoth,3,4,1007.9,1057.87,1000.58,1062.74,Xtreme,Xtreme,exhibition,,,,25.4485,18.4594,28.615,19.0769,0.4286,0.5714,0.1729,0.8271,0.0415,0.0112
M0207,2026-01-04,ImpactDrake,SolEclipse,6,3,1111.04,1021.4,1116.57,1011.32,Xtreme,Xtreme,exhibition,,,,19.8895,32.0629,20.4453,37.1975,0.6262,0.3738,0.8971,0.1029,0.0093,0.0534
M0208,2026-01-04,TuskMammoth,ImpactDrake,5,3,1062.74,1116.57,1071.35,1107.32,Xtreme,Xtreme,exhibition,,,,18.0428,19.3807,20.4115,21.95,0.4231,0.5769,0.8449,0.1551,0.0438,0.0442
M0209,2026-01-04,DranBrave,GolemRock,0,4,1040.93,1080.7,1025.33,1096.06,Xtreme,Xtreme,exhibition,,,,23.0107,22.3006,35.2023,34.6552,0.443,0.557,0.0,1.0,0.1766,0.1847
M0210,2026-01-04,CerberusFlame,CrimsonGaruda,0,4,1054.3,1007.36,1038.48,1026.94,Xtreme,Xtreme,exhibition,,,,22.3006,26.3757,27.9078,34.5203,0.5671,0.4329,0.0,1.0,0.0838,0.1029
M0211,2026-01-04,DranBrave,CerberusFlame,5,1,1025.33,1038.48,1040.17,1027.15,Xtreme,Xtreme,exhibition,,,,22.3006,21.6363,28.5888,21.8298,0.4811,0.5189,1.0,0.0,0.094,-0.003
M0212,2026-01-04,GolemRock,CrimsonGaruda,7,0,1096.06,1026.94,1116.66,1005.09,Xtreme,Xtreme,exhibition,,,,21.6363,25.4485,35.8586,38.0323,0.5982,0.4018,1.1729,-0.1729,0.2191,0.1648
M0213,2026-01-04,SharkScale,SharkEdge,4,0,1022.27,1012.89,1042.11,1001.31,Xtreme,Xtreme,exhibition,,,,34.9245,23.7698,40.7899,23.8151,0.5135,0.4865,1.0,0.0,0.056,0.0006
M0214,2026-01-04,CobaltDrake,CobaltDragoon,2,4,976.52,1033.37,964.9,1040.4,Xtreme,Xtreme,exhibition,,,,36.5049,24.5812,44.037,26.6493,0.4189,0.5811,0.1551,0.8449,-0.0688,0.028
M0215,2026-01-04,SharkScale,CobaltDragoon,3,5,1042.11,1040.4,1026.54,1050.13,Xtreme,Xtreme,exhibition,,,,33.446,23.7698,44.823,28.0111,0.5025,0.4975,0.1551,0.8449,0.1134,0.0595
M0216,2026-01-04,PhoenixWing,CobaltDrake,5,0,998.14,964.9,1012.58,940.0,Xtreme,Xtreme,exhibition,,,,24.5812,34.9245,26.0051,44.8548,0.5477,0.4523,1.1029,-0.1029,-0.0193,-0.0948
M0217,2026-01-04,CobaltDrake,PegasusBlast,4,3,940.0,922.7,954.84,907.16,Xtreme,Xtreme,exhibition,,,,33.446,33.446,49.1158,51.4117,0.5249,0.4751,0.8271,0.1729,-0.1562,-0.1791
M0218,2026-01-04,PegasusBlast,SamuraiSaber,4,2,907.16,882.03,922.86,867.11,Xtreme,Xtreme,exhibition,,,,32.0629,29.5585,50.8659,48.2966,0.5361,0.4639,0.8449,0.1551,-0.1955,-0.2113
M0219,2026-01-04,GolemRock,PhoenixWing,0,5,1116.66,1012.58,1088.36,1033.43,Xtreme,Xtreme,exhibition,,,,21.0148,23.7698,37.8176,27.8553,0.6455,0.3545,-0.1029,1.1029,0.2665,0.0573
M0220,2026-01-04,GolemRock,DranBuster,5,3,1088.36,973.38,1093.64,966.95,Xtreme,Xtreme,exhibition,,,,20.4334,27.3667,28.4763,34.7329,0.6597,0.3403,0.8449,0.1551,0.1312,-0.0897
M0221,2026-01-04,GolemRock,DranSword,5,0,1093.64,1061.33,1109.3,1045.8,Xtreme,Xtreme,exhibition,,,,19.8895,23.7698,28.148,27.919,0.5464,0.4536,1.1029,-0.1029,0.1384,0.0582
M0222,2026-01-04,SolEclipse,ScorpioSpear,0,5,1011.32,1025.4,992.85,1042.24,Xtreme,Xtreme,exhibition,,,,30.769,24.5812,31.7054,28.9007,0.4798,0.5202,-0.1029,1.1029,0.0101,0.0586
M0223,2026-01-04,SilverWolf,SolEclipse,2,4,979.94,992.85,968.27,1004.49,Xtreme,Xtreme,exhibition,,,,28.4261,29.5585,35.763,35.6677,0.4814,0.5186,0.1551,0.8449,-0.086,-0.0689
M0224,2026-01-04,DranSword,TyrannoBeat,4,2,1045.8,930.85,1050.36,922.83,Xtreme,Xtreme,exhibition,,,,23.0107,28.4261,24.6522,43.2645,0.6596,0.3404,0.8449,0.1551,-0.0238,-0.174
M0225,2026-01-30,DranDagger,ValkyrieVolt,0,5,1000,1000,975.88,1024.12,Drop Attack,Drop Attack,exhibition,,,,40.0,40.0,40.0,40.0,0.5,0.5,-0.1029,1.1029,,
M0226,2026-01-30,DranBrave,PegasusBlast,2,4,1000,1000,986.2,1013.8,Drop Attack,Drop Attack,exhibition,,,,40.0,40.0,40.0,40.0,0.5,0.5,0.1551,0.8449,,
M0227,2026-01-30,ImpactDrake,TuskMammoth,0,4,1000,1000,980.0,1020.0,Drop Attack,Drop Attack,exhibition,,,,40.0,40.0,40.0,40.0,0.5,0.5,0.0,1.0,,
M0228,2026-01-30,DranSword,SamuraiSaber,0,5,1000,1000,975.88,1024.12,Drop Attack,Drop Attack,exhibition,,,,40.0,40.0,40.0,40.0,0.5,0.5,-0.1029,1.1029,,
M0229,2026-01-30,PhoenixWing,CobaltDragoon,4,1,1000,1000,1015.88,984.12,Drop Attack,Drop Attack,exhibition,,,,40.0,40.0,40.0,40.0,0.5,0.5,0.8971,0.1029,,
M0230,2026-01-30,CobaltDrake,DranBuster,5,0,1000,1000,1024.12,975.88,Drop Attack,Drop Attack,exhibition,,,,40.0,40.0,40.0,40.0,0.5,0.5,1.1029,-0.1029,,
M0231,2026-01-30,TyrannoBeat,FoxBrush,4,0,1000,1000,1020.0,980.0,Drop Attack,Drop Attack,exhibition,,,,40.0,40.0,40.0,40.0,0.5,0.5,1.0,0.0,,
M0232,2026-01-30,SharkEdge,SharkScale,0,4,1000,1000,980.0,1020.0,Drop Attack,Drop Attack,exhibition,,,,40.0,40.0,40.0,40.0,0.5,0.5,0.0,1.0,,
M0233,2026-01-30,ValkyrieVolt,PegasusBlast,4,0,1024.12,1013.8,1047.11,992.71,Drop Attack,Drop Attack,exhibition,,,,38.1942,38.1942,47.4051,43.4633,0.5148,0.4852,1.0,0.0,0.0804,0.046
M0234,2026-01-30,TuskMammoth,SamuraiSaber,0,4,1020.0,1024.12,997.35,1047.54,Drop Attack,Drop Attack,exhibition,,,,38.1942,38.1942,45.833,47.4051,0.4941,0.5059,0.0,1.0,0.0667,0.0804
M0235,2026-01-30,PhoenixWing,CobaltDrake,4,1,1015.88,1024.12,1033.98,1004.73,Drop Attack,Drop Attack,exhibition,,,,38.1942,38.1942,44.261,47.4051,0.4882,0.5118,0.8971,0.1029,0.0529,0.0804
M0236,2026-01-30,TyrannoBeat,SharkScale,0,5,1020.0,1020.0,992.37,1047.63,Drop Attack,Drop Attack,exhibition,,,,38.1942,38.1942,45.833,45.833,0.5,0.5,-0.1029,1.1029,0.0667,0.0667
M0237,2026-01-30,ValkyrieVolt,SamuraiSaber,5,0,1047.11,1047.54,1078.03,1016.55,Drop Attack,Drop Attack,exhibition,,,,36.5049,36.5049,51.2187,51.3491,0.4994,0.5006,1.1029,-0.1029,0.1344,0.1355
M0238,2026-01-30,PhoenixWing,SharkScale,0,4,1033.98,1047.63,1011.17,1072.44,Drop Attack,Drop Attack,exhibition,,,,36.5049,36.5049,47.5015,51.6359,0.4804,0.5196,0.0,1.0,0.1004,0.1382
M0239,2026-01-30,SamuraiSaber,PhoenixWing,4,0,1016.55,1011.17,1035.65,992.79,Drop Attack,Drop Attack,exhibition,,,,34.9245,34.9245,38.8016,37.3317,0.5077,0.4923,1.0,0.0,0.037,0.023
M0240,2026-01-30,ValkyrieVolt,SharkScale,8,4,1078.03,1072.44,1105.36,1045.78,Drop Attack,Drop Attack,exhibition,,,,34.9245,34.9245,55.5553,54.1809,0.508,0.492,1.0,0.0,0.1969,0.1838
M0241,2026-01-30,WeissTiger,TuskMammoth,0,5,1000,997.35,975.73,1020.04,Drop Attack,Drop Attack,exhibition,,,,40.0,36.5049,40.0,37.3918,0.5038,0.4962,-0.1029,1.1029,,-0.0081
M0242,2026-01-30,DranSword,DranDagger,2,5,975.88,975.88,957.06,994.71,Drop Attack,Drop Attack,exhibition,,,,38.1942,38.1942,47.4051,47.4051,0.5,0.5,0.1029,0.8971,-0.0804,-0.0804
M0243,2026-01-30,SolEclipse,ScorpioSpear,0,5,1000,1000,975.88,1024.12,Drop Attack,Drop Attack,exhibition,,,,40.0,40.0,40.0,40.0,0.5,0.5,-0.1029,1.1029,,
M0244,2026-01-30,WizardArrow,CrimsonGaruda,0,4,1000,1000,980.0,1020.0,Drop Attack,Drop Attack,exhibition,,,,40.0,40.0,40.0,40.0,0.5,0.5,0.0,1.0,,
M0245,2026-01-30,TyrannoBeat,PerseusDark,0,4,992.37,1000,973.3,1019.56,Drop Attack,Drop Attack,exhibition,,,,36.5049,40.0,38.9809,40.0,0.489,0.511,0.0,1.0,-0.0226,
M0246,2026-01-30,LeonClaw,WhaleWave,0,4,1000,1000,980.0,1020.0,Drop Attack,Drop Attack,exhibition,,,,40.0,40.0,40.0,40.0,0.5,0.5,0.0,1.0,,
M0247,2026-01-30,WizardArc,GolemRock,5,0,1000,1000,1024.12,975.88,Drop Attack,Drop Attack,exhibition,,,,40.0,40.0,40.0,40.0,0.5,0.5,1.1029,-0.1029,,
M0248,2026-01-30,LeonCrest,HellsChain,0,4,1000,1000,980.0,1020.0,Drop Attack,Drop Attack,exhibition,,,,40.0,40.0,40.0,40.0,0.5,0.5,0.0,1.0,,
M0249,2026-01-30,TuskMammoth,DranDagger,3,5,1020.04,994.71,1003.77,1009.33,Drop Attack,Drop Attack,exhibition,,,,34.9245,36.5049,42.6646,38.3361,0.5364,0.4636,0.1551,0.8449,0.0739,-0.0167
M0250,2026-01-30,ScorpioSpear,CrimsonGaruda,5,2,1024.12,1020.0,1042.66,1002.07,Drop Attack,Drop Attack,exhibition,,,,38.1942,38.1942,47.4051,45.833,0.5059,0.4941,0.8971,0.1029,0.0804,0.0667
M0251,2026-01-30,PerseusDark,WhaleWave,3,4,1019.56,1020.0,1004.65,1034.96,Drop Attack,Drop Attack,exhibition,,,,38.1942,38.1942,45.6652,45.833,0.4994,0.5006,0.1729,0.8271,0.0652,0.0667
M0252,2026-01-30,WizardArc,HellsChain,4,0,1024.12,1020.0,1047.54,997.35,Drop Attack,Drop Attack,exhibition,,,,38.1942,38.1942,47.4051,45.833,0.5059,0.4941,1.0,0.0,0.0804,0.0667
M0253,2026-01-30,DranDagger,ScorpioSpear,2,4,1009.33,1042.66,997.82,1057.47,Drop Attack,Drop Attack,exhibition,,,,34.9245,36.5049,38.7325,49.8465,0.4522,0.5478,0.1551,0.8449,0.0363,0.1218
M0254,2026-01-30,WhaleWave,WizardArc,5,3,1034.96,1047.54,1052.24,1028.9,Drop Attack,Drop Attack,exhibition,,,,36.5049,36.5049,47.6,51.3491,0.4819,0.5181,0.8449,0.1551,0.1013,0.1355
M0255,2026-01-30,DranDagger,WizardArc,2,4,997.82,1028.9,987.53,1041.56,Drop Attack,Drop Attack,exhibition,,,,33.446,34.9245,34.2597,42.1618,0.4554,0.5446,0.1551,0.8449,-0.0081,0.0691
M0256,2026-01-30,ScorpioSpear,WhaleWave,7,2,1057.47,1052.24,1087.32,1022.95,Drop Attack,Drop Attack,exhibition,,,,34.9245,34.9245,50.1366,49.1947,0.5075,0.4925,1.1029,-0.1029,0.1452,0.1362
M0257,2026-01-30,HellsChain,CrimsonGaruda,4,2,1000.58,1005.09,1009.26,994.73,Xtreme,Xtreme,season,S1,3,1,24.5812,24.5812,24.7176,29.4648,0.4935,0.5065,0.8449,0.1551,0.0018,0.0662
M0258,2026-01-30,SharkEdge,WizardRod,4,3,1001.31,990.59,1009.87,981.01,Xtreme,Xtreme,season,S1,3,1,23.0107,25.4485,27.4508,30.7152,0.5154,0.4846,0.8271,0.1729,-0.0643,-0.069
M0259,2026-01-30,WhaleWave,SilverWolf,3,4,994.05,968.27,984.66,981.77,Xtreme,Xtreme,season,S1,3,1,25.4485,27.3667,25.7781,37.0606,0.537,0.463,0.1729,0.8271,-0.0043,-0.1181
M0260,2026-01-30,RhinoReaper,UnicornSting,2,4,1005.74,992.49,994.0,1002.96,Xtreme,Xtreme,season,S1,3,1,24.5812,24.5812,32.2607,28.7508,0.5191,0.4809,0.1551,0.8449,-0.1041,-0.0565
M0261,2026-01-30,LeonClaw,ValkyrieVolt,4,2,986.62,1000,997.52,985.43,Xtreme,Xtreme,season,S1,3,1,26.3757,40.0,29.9465,40.0,0.4808,0.5192,0.8449,0.1551,-0.0451,
M0262,2026-01-30,DranBrave,HellsReaper,3,4,1040.17,1015.25,1028.77,1026.42,Xtreme,Xtreme,season,S1,2,1,21.6363,24.5812,31.4146,30.7865,0.5358,0.4642,0.1729,0.8271,0.1506,0.0841
M0263,2026-01-30,PhoenixWing,KnightMail,0,4,1033.43,996.92,1015.02,1014.12,Xtreme,Xtreme,season,S1,2,1,23.0107,23.7698,33.3266,31.1522,0.5524,0.4476,0.0,1.0,0.1494,-0.1035
M0264,2026-01-30,DranDagger,PerseusDark,3,5,1013.01,994.18,1002.52,1003.76,Xtreme,Xtreme,season,S1,2,1,24.5812,25.4485,28.2244,25.7531,0.5271,0.4729,0.1551,0.8449,-0.0494,-0.004
M0265,2026-01-30,SharkScale,SolEclipse,6,2,1026.54,1004.49,1043.9,990.53,Xtreme,Xtreme,season,S1,2,1,32.0629,28.4261,37.0604,29.8074,0.5317,0.4683,1.0,0.0,0.052,-0.0162
M0266,2026-01-30,WyvernHover,WeissTiger,4,2,1000,1016.64,1014.75,1005.91,Xtreme,Xtreme,season,S1,2,1,40.0,27.3667,40.0,29.0918,0.4761,0.5239,0.8449,0.1551,,-0.021
M0267,2026-01-30,DranSword,CobaltDragoon,1,4,1050.36,1050.13,1041.39,1061.96,Xtreme,Xtreme,season,S1,1,1,22.3006,23.0107,22.5744,29.7662,0.5003,0.4997,0.1029,0.8971,0.0041,0.0979
M0268,2026-01-30,FoxBrush,LeonCrest,0,4,1084.98,1042.06,1071.59,1061.62,Xtreme,Xtreme,season,S1,1,1,20.4334,24.5812,23.856,34.8482,0.5615,0.4385,0.0,1.0,-0.0558,0.1392
M0269,2026-01-30,TuskMammoth,ScorpioSpear,4,0,1071.35,1042.24,1081.73,1027.15,Xtreme,Xtreme,season,S1,1,1,17.6531,23.7698,22.6396,32.9296,0.5418,0.4582,1.0,0.0,0.0942,0.1285
M0270,2026-01-30,GolemRock,CerberusFlame,4,3,1109.3,1027.15,1115.78,1021.76,Xtreme,Xtreme,season,S1,1,1,19.3807,21.0148,30.6694,25.5396,0.6161,0.3839,0.8271,0.1729,0.1942,-0.0718
M0271,2026-01-30,ViperTail,ImpactDrake,0,4,1031.02,1107.32,1020.49,1115.12,Xtreme,Xtreme,season,S1,1,1,24.5812,18.9047,26.8573,19.9218,0.3919,0.6081,0.0,1.0,0.0309,-0.0179
M0272,2026-02-11,ValkyrieVolt,SharkEdge,4,0,985.43,1009.87,1008.85,997.42,Xtreme,Xtreme,season,S1,3,2,38.1942,22.3006,43.7574,23.2493,0.4649,0.5351,1.0,0.0,-0.0486,-0.0142
M0273,2026-02-11,UnicornSting,HellsChain,0,4,1002.96,1009.26,991.27,1022.63,Xtreme,Xtreme,season,S1,3,2,23.7698,23.7698,23.8038,27.2249,0.4909,0.5091,0.0,1.0,-0.0005,0.0485
M0274,2026-02-11,SilverWolf,RhinoReaper,2,4,981.77,994.0,971.74,1005.02,Xtreme,Xtreme,season,S1,3,2,26.3757,23.7698,30.6307,33.6661,0.4824,0.5176,0.1551,0.8449,-0.0538,-0.1388
M0275,2026-02-11,WizardRod,WhaleWave,4,2,981.01,984.66,992.23,974.71,Xtreme,Xtreme,season,S1,3,2,24.5812,24.5812,32.055,28.4379,0.4947,0.5053,0.8449,0.1551,-0.1013,-0.0523
M0276,2026-02-11,CrimsonGaruda,LeonClaw,2,5,994.73,997.52,985.09,1007.81,Xtreme,Xtreme,season,S1,3,2,23.7698,25.4485,24.5217,26.1693,0.496,0.504,0.1029,0.8971,0.0105,0.0094
M0277,2026-02-11,WeissTiger,PhoenixWing,4,0,1005.91,1015.02,1022.18,1001.66,Xtreme,Xtreme,season,S1,2,2,26.3757,22.3006,31.7077,26.038,0.4869,0.5131,1.0,0.0,-0.0674,0.0559
M0278,2026-02-11,SolEclipse,DranBrave,0,4,990.53,1028.77,975.55,1040.43,Xtreme,Xtreme,season,S1,2,2,27.3667,21.0148,33.6456,26.1951,0.4452,0.5548,0.0,1.0,-0.0765,0.0822
M0279,2026-02-11,PerseusDark,SharkScale,2,5,1003.76,1043.9,994.26,1057.71,Xtreme,Xtreme,season,S1,2,2,24.5812,30.769,27.9836,40.689,0.4425,0.5575,0.1029,0.8971,0.0461,0.1075
M0280,2026-02-11,KnightMail,DranDagger,6,2,1014.12,1002.52,1025.78,987.84,Xtreme,Xtreme,season,S1,2,2,23.0107,23.7698,24.1205,30.3597,0.5167,0.4833,1.0,0.0,-0.0161,-0.0924
M0281,2026-02-11,HellsReaper,WyvernHover,1,4,1026.42,1014.75,1013.0,1032.89,Xtreme,Xtreme,season,S1,2,2,23.7698,38.1942,32.421,43.8289,0.5168,0.4832,0.1029,0.8971,0.1213,0.0492
M0282,2026-02-11,ImpactDrake,FoxBrush,6,0,1115.12,1071.59,1127.27,1055.44,Xtreme,Xtreme,season,S1,1,2,18.4594,19.8895,20.4926,27.2437,0.5623,0.4377,1.1551,-0.1551,0.0367,-0.1232
M0283,2026-02-11,CerberusFlame,DranSword,1,4,1021.76,1041.39,1012.18,1050.56,Xtreme,Xtreme,season,S1,1,2,20.4334,21.6363,25.9716,24.8457,0.4718,0.5282,0.1029,0.8971,-0.0903,-0.0494
M0284,2026-02-11,ScorpioSpear,GolemRock,4,0,1027.15,1115.78,1043.69,1097.0,Xtreme,Xtreme,season,S1,1,2,23.0107,18.9047,26.4783,30.0441,0.3752,0.6248,1.0,0.0,0.0502,0.1964
M0285,2026-02-11,LeonCrest,TuskMammoth,0,4,1061.62,1081.73,1043.86,1093.36,Xtreme,Xtreme,season,S1,1,2,23.7698,17.2885,37.7125,24.6895,0.4711,0.5289,0.0,1.0,0.1955,0.1427
M0286,2026-02-11,CobaltDragoon,ViperTail,6,2,1061.96,1020.49,1075.85,1009.22,Xtreme,Xtreme,season,S1,1,2,22.3006,23.7698,31.5199,25.5888,0.5594,0.4406,1.0,0.0,0.1378,-0.0255
M0287,2026-02-11,DranSword,ScorpioSpear,0,5,1050.56,1043.69,1037.43,1062.56,Xtreme,Xtreme,season,S1,1,3,21.0148,22.3006,21.414,30.7869,0.5099,0.4901,-0.1029,1.1029,0.0063,0.1268
M0288,2026-02-11,TuskMammoth,ImpactDrake,5,2,1093.36,1127.27,1105.14,1116.55,Xtreme,Xtreme,season,S1,1,3,16.9474,18.0428,26.4287,24.0433,0.4513,0.5487,0.8971,0.1029,0.1865,0.1109
M0289,2026-02-11,GolemRock,LeonCrest,0,5,1097.0,1043.86,1081.21,1064.47,Xtreme,Xtreme,season,S1,1,3,18.4594,23.0107,23.2724,30.3724,0.5759,0.4241,-0.1029,1.1029,0.0869,0.1066
M0290,2026-02-11,ViperTail,FoxBrush,2,4,1009.22,1055.44,1001.25,1063.85,Xtreme,Xtreme,season,S1,1,3,23.0107,19.3807,28.5923,30.1866,0.4339,0.5661,0.1551,0.8449,-0.0809,-0.1859
M0291,2026-02-11,CobaltDragoon,CerberusFlame,4,0,1075.85,1012.18,1089.44,1000.92,Xtreme,Xtreme,season,S1,1,3,21.6363,19.8895,33.2015,27.4963,0.5906,0.4094,1.0,0.0,0.1782,-0.1275
M0292,2026-02-11,DranBrave,PerseusDark,0,4,1040.43,994.26,1024.33,1007.93,Xtreme,Xtreme,season,S1,2,3,20.4334,23.7698,28.4375,24.1473,0.5661,0.4339,0.0,1.0,0.1306,-0.0053
M0293,2026-02-11,DranDagger,WeissTiger,2,5,987.84,1022.18,976.37,1031.3,Xtreme,Xtreme,season,S1,2,3,23.0107,25.4485,32.988,26.213,0.4507,0.5493,0.1029,0.8971,-0.1445,0.01
M0294,2026-02-11,SharkScale,KnightMail,4,0,1057.71,1025.78,1076.71,1014.12,Xtreme,Xtreme,season,S1,2,3,29.5585,22.3006,41.8328,25.6797,0.5458,0.4542,1.0,0.0,0.1384,0.0505
M0295,2026-02-11,WyvernHover,PhoenixWing,4,0,1032.89,1001.66,1054.38,991.22,Xtreme,Xtreme,season,S1,2,3,36.5049,21.6363,47.2158,22.9344,0.5448,0.4552,1.0,0.0,0.0978,-0.02
M0296,2026-02-11,HellsReaper,SolEclipse,4,0,1013.0,975.55,1024.81,959.34,Xtreme,Xtreme,season,S1,2,3,23.0107,26.3757,26.4595,36.3172,0.5537,0.4463,1.0,0.0,0.05,-0.1256
M0297,2026-02-11,HellsChain,SilverWolf,2,5,1022.63,971.74,1008.33,986.94,Xtreme,Xtreme,season,S1,3,3,23.0107,25.4485,30.4282,32.3382,0.5727,0.4273,0.1029,0.8971,0.1074,-0.0902
M0298,2026-02-11,WhaleWave,ValkyrieVolt,0,4,974.71,1008.85,961.03,1026.76,Xtreme,Xtreme,season,S1,3,3,23.7698,36.5049,30.3311,39.7102,0.451,0.549,0.0,1.0,-0.092,0.0293
M0299,2026-02-11,RhinoReaper,WizardRod,5,1,1005.02,992.23,1018.65,979.37,Xtreme,Xtreme,season,S1,3,3,23.0107,23.7698,28.3011,26.7041,0.5184,0.4816,1.0,0.0,-0.0766,-0.0411
M0300,2026-02-11,LeonClaw,SharkEdge,4,3,1007.81,997.42,1016.88,988.97,Xtreme,Xtreme,season,S1,3,3,24.5812,21.6363,29.0496,27.0651,0.5149,0.4851,0.8271,0.1729,0.0606,-0.0836
M0301,2026-02-11,CrimsonGaruda,UnicornSting,0,4,985.09,991.27,972.33,1004.81,Xtreme,Xtreme,season,S1,3,3,23.0107,23.0107,25.998,27.5579,0.4911,0.5089,0.0,1.0,-0.0433,-0.0659
M0302,2026-02-11,EmperorMight,WolfHunt,0,4,1000,1000,980.0,1020.0,Xtreme,Xtreme,exhibition,,,,40.0,40.0,40.0,40.0,0.5,0.5,0.0,1.0,,
M0303,2026-02-11,TuskMammoth,EmperorMight,4,0,1105.14,980.0,1114.19,965.0,Xtreme,Xtreme,exhibition,,,,16.6284,38.1942,27.6556,45.833,0.6727,0.3273,1.0,0.0,0.2211,-0.0667
M0304,2026-02-11,TuskMammoth,WolfHunt,4,0,1114.19,1020.0,1124.43,1003.15,Xtreme,Xtreme,exhibition,,,,16.3299,38.1942,27.8532,45.833,0.6323,0.3677,1.0,0.0,0.2352,0.0667
M0305,2026-02-11,TuskMammoth,WyvernHover,4,0,1124.43,1054.38,1135.74,1034.29,Xtreme,Xtreme,exhibition,,,,16.0506,34.9245,28.2273,50.164,0.5995,0.4005,1.0,0.0,0.2529,0.1455
M0306,2026-02-11,TuskMammoth,ValkyrieVolt,0,5,1135.74,1026.76,1114.08,1059.88,Xtreme,Xtreme,exhibition,,,,15.7894,34.9245,28.7005,43.8829,0.6519,0.3481,-0.1029,1.1029,0.2726,0.0855
M0307,2026-02-11,SharkScale,CerberusFlame,4,1,1076.71,1000.92,1089.41,992.53,Xtreme,Xtreme,exhibition,,,,28.4261,19.3807,43.8204,28.9782,0.6074,0.3926,0.8971,0.1029,0.1805,-0.1651
M0308,2026-02-11,SolEclipse,SharkEdge,5,0,959.34,988.97,984.06,970.77,Xtreme,Xtreme,exhibition,,,,25.4485,21.0148,38.3048,28.209,0.4575,0.5425,1.1029,-0.1029,-0.1684,-0.1141
M0309,2026-02-11,EmperorMight,WolfHunt,4,2,1000,1000,1013.8,986.2,Drop Attack,Drop Attack,exhibition,,,,40.0,40.0,40.0,40.0,0.5,0.5,0.8449,0.1551,,
M0310,2026-02-11,PhoenixWing,CobaltDragoon,2,4,992.79,984.12,979.2,999.93,Drop Attack,Drop Attack,exhibition,,,,33.446,38.1942,38.0336,44.261,0.5125,0.4875,0.1551,0.8449,-0.0457,-0.0529
M0311,2026-02-11,ImpactDrake,CobaltDrake,5,2,980.0,1004.73,999.83,988.22,Drop Attack,Drop Attack,exhibition,,,,38.1942,36.5049,45.833,38.1632,0.4645,0.5355,0.8971,0.1029,-0.0667,0.0151
M0312,2026-02-13,WizardArc,LeonClaw,4,0,1041.56,980.0,1059.48,961.1,Drop Attack,Drop Attack,exhibition,,,,33.446,38.1942,43.4701,45.833,0.5877,0.4123,1.0,0.0,0.0999,-0.0667
M0313,2026-02-13,SamuraiSaber,CobaltDrake,2,6,1035.65,988.22,1011.09,1010.7,Drop Attack,Drop Attack,exhibition,,,,33.446,34.9245,43.2495,39.5932,0.5678,0.4322,0.0,1.0,0.0977,-0.0446
M0314,2026-02-13,PhoenixWing,ValkyrieVolt,0,5,979.2,1105.36,961.84,1129.87,Drop Attack,Drop Attack,exhibition,,,,32.0629,33.446,40.4577,57.1508,0.326,0.674,-0.1029,1.1029,-0.0873,0.2362
M0315,2026-02-13,TuskMammoth,LeonCrest,0,4,1003.77,980.0,985.2,1004.48,Drop Attack,Drop Attack,exhibition,,,,33.446,38.1942,34.7692,45.833,0.5342,0.4658,0.0,1.0,0.0132,-0.0667
M0316,2026-02-13,WizardArc,CobaltDrake,4,2,1059.48,1010.7,1072.05,1000.48,Drop Attack,Drop Attack,exhibition,,,,32.0629,33.446,45.6793,37.1678,0.5697,0.4303,0.8449,0.1551,0.1416,0.0371
M0317,2026-02-13,ValkyrieVolt,LeonCrest,5,2,1129.87,1004.48,1142.7,995.97,Drop Attack,Drop Attack,exhibition,,,,32.0629,36.5049,57.2584,37.9771,0.673,0.327,0.8971,0.1029,0.2619,0.0134
M0318,2026-02-13,CobaltDrake,LeonCrest,4,1,1000.48,995.97,1013.17,981.58,Drop Attack,Drop Attack,exhibition,,,,32.0629,34.9245,32.4995,36.8343,0.5065,0.4935,0.8971,0.1029,-0.0045,-0.0182
M0319,2026-02-13,WizardArc,ValkyrieVolt,3,8,1072.05,1142.7,1049.19,1170.08,Drop Attack,Drop Attack,exhibition,,,,30.769,30.769,45.48,54.482,0.3997,0.6003,-0.1029,1.1029,0.1594,0.2569
M0320,2026-02-13,WizardRod,HellsChain,0,4,979.37,1008.33,965.66,1019.49,Xtreme,Xtreme,season,S1,3,4,23.0107,22.3006,29.9055,24.3399,0.4584,0.5416,0.0,1.0,-0.0999,0.0305
M0321,2026-02-13,SilverWolf,CrimsonGaruda,0,4,986.94,972.33,973.53,987.53,Xtreme,Xtreme,season,S1,3,4,24.5812,22.3006,25.7293,29.1905,0.521,0.479,0.0,1.0,-0.0156,-0.103
M0322,2026-02-13,UnicornSting,LeonClaw,0,4,1004.81,1016.88,993.77,1031.59,Xtreme,Xtreme,season,S1,3,4,22.3006,23.7698,22.8622,30.4829,0.4826,0.5174,0.0,1.0,0.0084,0.0941
M0323,2026-02-13,ValkyrieVolt,RhinoReaper,5,3,1059.88,1018.65,1074.45,1012.23,Xtreme,Xtreme,season,S1,3,4,33.446,22.3006,50.9791,22.448,0.5591,0.4409,0.8449,0.1551,0.1747,-0.0022
M0324,2026-02-13,SharkEdge,WhaleWave,4,1,970.77,961.03,982.94,948.51,Xtreme,Xtreme,season,S1,3,4,20.4334,23.0107,31.7713,32.667,0.514,0.486,0.8971,0.1029,-0.185,-0.1399
M0325,2026-02-13,KnightMail,DranBrave,2,4,1014.12,1024.33,1006.61,1031.64,Xtreme,Xtreme,season,S1,2,4,21.6363,19.8895,22.7256,22.1383,0.4853,0.5147,0.1551,0.8449,-0.0168,0.0377
M0326,2026-02-13,PerseusDark,HellsReaper,4,0,1007.93,1024.81,1022.56,1009.52,Xtreme,Xtreme,season,S1,2,4,23.0107,22.3006,27.9042,29.1784,0.4757,0.5243,1.0,0.0,0.0709,0.1028
M0327,2026-02-13,SolEclipse,WyvernHover,4,1,984.06,1034.29,997.66,1015.19,Xtreme,Xtreme,season,S1,2,4,24.5812,33.446,28.9972,40.736,0.4282,0.5718,0.8971,0.1029,-0.0599,0.0727
M0328,2026-02-13,WeissTiger,SharkScale,4,3,1031.3,1089.41,1043.04,1071.62,Xtreme,Xtreme,season,S1,2,4,24.5812,27.3667,28.6414,43.3828,0.4171,0.5829,0.8271,0.1729,0.0551,0.1951
M0329,2026-02-13,PhoenixWing,DranDagger,1,4,991.22,976.37,980.37,990.5,Xtreme,Xtreme,season,S1,2,4,21.0148,22.3006,25.9337,33.7836,0.5214,0.4786,0.1029,0.8971,-0.078,-0.1716
M0330,2026-02-13,LeonCrest,DranSword,4,0,1064.47,1037.43,1080.4,1025.86,Xtreme,Xtreme,season,S1,1,4,22.3006,20.4334,34.5389,25.1054,0.5388,0.4612,1.0,0.0,0.1829,-0.0762
M0331,2026-02-13,ScorpioSpear,CobaltDragoon,4,0,1062.56,1089.44,1080.91,1071.03,Xtreme,Xtreme,season,S1,1,4,21.6363,21.0148,34.0753,34.1913,0.4614,0.5386,1.0,0.0,0.1916,0.209
M0332,2026-02-13,CerberusFlame,ViperTail,4,0,992.53,1001.25,1007.5,986.14,Xtreme,Xtreme,season,S1,1,4,18.9047,22.3006,29.2091,29.4754,0.4875,0.5125,1.0,0.0,-0.1817,-0.1072
M0333,2026-02-13,ImpactDrake,GolemRock,4,0,1116.55,1081.21,1125.36,1072.73,Xtreme,Xtreme,season,S1,1,4,17.6531,18.0428,19.5937,18.8647,0.5507,0.4493,1.0,0.0,0.0366,-0.0152
M0334,2026-02-13,FoxBrush,TuskMammoth,2,6,1063.85,1114.08,1052.75,1123.44,Xtreme,Xtreme,season,S1,1,4,18.9047,15.545,25.9318,21.8682,0.4282,0.5718,0.0,1.0,-0.1239,0.1356
M0335,2026-02-26,RhinoReaper,SharkEdge,3,4,1012.23,982.94,1003.29,992.69,Xtreme,Xtreme,season,S1,3,5,21.6363,19.8895,24.234,26.4064,0.5421,0.4579,0.1729,0.8271,-0.04,-0.1092
M0336,2026-02-26,LeonClaw,WhaleWave,2,4,1031.59,948.51,1016.3,964.15,Xtreme,Xtreme,season,S1,3,5,23.0107,22.3006,33.0853,33.8283,0.6173,0.3827,0.1551,0.8449,0.1459,-0.1723
M0337,2026-02-26,HellsChain,ValkyrieVolt,0,5,1019.49,1074.45,1005.16,1100.83,Xtreme,Xtreme,season,S1,3,5,21.6363,32.0629,27.3184,50.2956,0.4216,0.5784,-0.1029,1.1029,0.0875,0.1896
M0338,2026-02-26,CrimsonGaruda,WizardRod,2,4,987.53,965.66,978.91,977.77,Xtreme,Xtreme,season,S1,3,5,21.6363,22.3006,22.9205,32.1809,0.5314,0.4686,0.1551,0.8449,-0.0198,-0.1477
M0339,2026-02-26,UnicornSting,SilverWolf,3,5,993.77,973.53,984.29,984.63,Xtreme,Xtreme,season,S1,3,5,21.6363,23.7698,25.341,29.6858,0.5291,0.4709,0.1551,0.8449,-0.0571,-0.083
M0340,2026-02-26,SharkScale,PhoenixWing,4,0,1071.62,980.37,1084.79,969.96,Xtreme,Xtreme,season,S1,2,5,26.3757,20.4334,35.428,27.9987,0.6284,0.3716,1.0,0.0,0.1144,-0.1234
M0341,2026-02-26,WyvernHover,DranDagger,5,2,1015.19,990.5,1026.8,980.5,Xtreme,Xtreme,season,S1,2,5,32.0629,21.6363,32.1061,27.6702,0.5355,0.4645,0.8971,0.1029,0.0004,-0.093
M0342,2026-02-26,DranBrave,WeissTiger,4,3,1031.64,1043.04,1039.83,1032.37,Xtreme,Xtreme,season,S1,2,5,19.3807,23.7698,23.8396,31.0707,0.4836,0.5164,0.8271,0.1729,0.0767,0.1024
M0343,2026-02-26,HellsReaper,KnightMail,3,4,1009.52,1006.61,1001.93,1014.8,Xtreme,Xtreme,season,S1,2,5,21.6363,21.0148,22.8821,24.7074,0.5042,0.4958,0.1729,0.8271,0.0192,-0.0586
M0344,2026-02-26,SolEclipse,PerseusDark,2,5,997.66,1022.56,988.8,1033.79,Xtreme,Xtreme,season,S1,2,5,23.7698,22.3006,24.5271,31.0875,0.4642,0.5358,0.1029,0.8971,0.0106,0.1313
M0345,2026-02-26,GolemRock,FoxBrush,3,4,1072.73,1052.75,1065.07,1062.56,Xtreme,Xtreme,season,S1,1,5,17.6531,18.4594,21.5226,27.568,0.5287,0.4713,0.1729,0.8271,-0.0731,-0.1645
M0346,2026-02-26,ViperTail,TuskMammoth,5,0,986.14,1123.44,1011.53,1104.98,Xtreme,Xtreme,season,S1,1,5,21.6363,15.3164,32.105,23.3394,0.3121,0.6879,1.1029,-0.1029,-0.1613,0.1746
M0347,2026-02-26,DranSword,ImpactDrake,2,4,1025.86,1125.36,1020.2,1129.89,Xtreme,Xtreme,season,S1,1,5,19.8895,17.2885,27.4998,22.0427,0.3606,0.6394,0.1551,0.8449,-0.1275,0.0917
M0348,2026-02-26,CobaltDragoon,LeonCrest,0,4,1071.03,1080.4,1057.83,1097.87,Xtreme,Xtreme,season,S1,1,5,20.4334,21.6363,27.1349,35.918,0.4865,0.5135,0.0,1.0,0.1093,0.22
M0349,2026-02-26,CerberusFlame,ScorpioSpear,3,4,1007.5,1080.91,1002.28,1088.94,Xtreme,Xtreme,season,S1,1,5,18.4594,21.0148,23.395,36.0131,0.3959,0.6041,0.1729,0.8271,-0.0891,0.2379
M0350,2026-02-26,ScorpioSpear,ViperTail,0,5,1088.94,1011.53,1064.08,1028.05,Xtreme,Xtreme,season,S1,1,6,20.4334,21.0148,34.8953,23.1797,0.6096,0.3904,-0.1029,1.1029,0.2359,-0.0343
M0351,2026-02-26,LeonCrest,CerberusFlame,4,1,1097.87,1002.28,1107.63,996.01,Xtreme,Xtreme,season,S1,1,6,21.0148,18.0428,37.1264,23.8334,0.6342,0.3658,0.8971,0.1029,0.2556,-0.107
M0352,2026-02-26,ImpactDrake,CobaltDragoon,2,4,1129.89,1057.83,1119.88,1067.52,Xtreme,Xtreme,season,S1,1,6,16.9474,19.8895,22.3794,21.6722,0.6022,0.3978,0.1551,0.8449,0.1068,0.0299
M0353,2026-02-26,FoxBrush,DranSword,1,5,1062.56,1020.2,1049.56,1035.57,Xtreme,Xtreme,season,S1,1,6,18.0428,19.3807,23.1905,27.4005,0.5607,0.4393,0.0,1.0,-0.0951,-0.1379
M0354,2026-02-26,TuskMammoth,GolemRock,0,4,1104.98,1065.07,1095.41,1077.9,Xtreme,Xtreme,season,S1,1,6,15.1025,17.2885,17.1814,23.0338,0.5572,0.4428,0.0,1.0,0.0459,-0.1108
M0355,2026-02-26,PerseusDark,WyvernHover,0,4,1033.79,1026.8,1017.39,1044.78,Xtreme,Xtreme,season,S1,2,6,21.6363,30.769,32.1519,35.2557,0.5101,0.4899,0.0,1.0,0.162,0.0486
M0356,2026-02-26,KnightMail,SolEclipse,4,0,1014.8,988.8,1024.44,976.91,Xtreme,Xtreme,season,S1,2,6,20.4334,23.0107,20.8372,25.7012,0.5374,0.4626,1.0,0.0,-0.0066,-0.039
M0357,2026-02-26,WeissTiger,HellsReaper,0,4,1032.37,1001.93,1018.24,1014.3,Xtreme,Xtreme,season,S1,2,6,23.0107,21.0148,25.9741,22.7512,0.5437,0.4563,0.0,1.0,0.0429,-0.0275
M0358,2026-02-26,PhoenixWing,DranBrave,0,5,969.96,1039.83,955.24,1052.56,Xtreme,Xtreme,season,S1,2,6,19.8895,18.9047,29.2281,25.272,0.4008,0.5992,-0.1029,1.1029,-0.1565,0.1123
M0359,2026-02-26,DranDagger,SharkScale,2,5,980.5,1084.79,973.17,1094.04,Xtreme,Xtreme,season,S1,2,6,21.0148,25.4485,29.1339,36.8009,0.3543,0.6457,0.1029,0.8971,-0.1288,0.1487
M0360,2026-02-26,SilverWolf,LeonClaw,2,5,984.63,1016.3,976.01,1025.67,Xtreme,Xtreme,season,S1,3,6,23.0107,22.3006,24.5319,26.6393,0.4546,0.5454,0.1029,0.8971,-0.022,0.0649
M0361,2026-02-26,WizardRod,UnicornSting,2,4,977.77,984.29,968.82,993.45,Xtreme,Xtreme,season,S1,3,6,21.6363,21.0148,26.6872,27.2771,0.4906,0.5094,0.1551,0.8449,-0.0778,-0.0993
M0362,2026-02-26,ValkyrieVolt,CrimsonGaruda,6,3,1100.83,978.91,1112.8,973.14,Xtreme,Xtreme,season,S1,3,6,30.769,21.0148,52.3878,25.2592,0.6686,0.3314,0.8971,0.1029,0.2342,-0.0673
M0363,2026-02-26,SharkEdge,HellsChain,4,0,992.69,1005.16,1004.09,994.09,Xtreme,Xtreme,season,S1,3,6,19.3807,21.0148,22.022,21.3893,0.4821,0.5179,1.0,0.0,-0.0454,0.0059
M0364,2026-02-26,WhaleWave,RhinoReaper,0,4,964.15,1003.29,952.02,1014.96,Xtreme,Xtreme,season,S1,3,6,21.6363,21.0148,27.329,26.305,0.4439,0.5561,0.0,1.0,-0.0877,-0.0839
M0365,2026-02-26,LeonClaw,RhinoReaper,1,5,1025.67,1014.96,1011.07,1025.92,Xtreme,Xtreme,season,S1,3,7,21.6363,20.4334,28.3279,21.2631,0.5154,0.4846,0.0,1.0,0.1031,-0.0135
M0366,2026-02-26,HellsChain,WhaleWave,5,0,994.09,952.02,1007.3,935.99,Xtreme,Xtreme,season,S1,3,7,20.4334,21.0148,24.3513,29.5383,0.5602,0.4398,1.1029,-0.1029,-0.0639,-0.1352
M0367,2026-02-26,CrimsonGaruda,SharkEdge,2,5,973.14,1004.09,964.01,1011.35,Xtreme,Xtreme,season,S1,3,7,20.4334,18.9047,25.8778,20.5885,0.4556,0.5444,0.1029,0.8971,-0.0888,0.0297
M0368,2026-02-26,UnicornSting,ValkyrieVolt,2,4,993.45,1112.8,989.32,1121.83,Xtreme,Xtreme,season,S1,3,7,20.4334,29.5585,22.9683,50.2594,0.3347,0.6653,0.1551,0.8449,-0.0414,0.2334
M0369,2026-02-26,SilverWolf,WizardRod,4,0,976.01,968.82,989.09,955.07,Xtreme,Xtreme,season,S1,3,7,22.3006,21.0148,26.7151,28.0868,0.5103,0.4897,1.0,0.0,-0.066,-0.1122
M0370,2026-02-26,WyvernHover,SharkScale,2,4,1044.78,1094.04,1033.99,1104.07,Xtreme,Xtreme,season,S1,2,7,29.5585,24.5812,39.3246,36.5561,0.4296,0.5704,0.1551,0.8449,0.1101,0.1624
M0371,2026-02-26,DranBrave,DranDagger,4,2,1052.56,973.17,1058.97,966.35,Xtreme,Xtreme,season,S1,2,7,18.4594,20.4334,27.5668,29.3298,0.6123,0.3877,0.8449,0.1551,0.1645,-0.1451
M0372,2026-02-26,HellsReaper,PhoenixWing,2,4,1014.3,955.24,1004.26,968.62,Xtreme,Xtreme,season,S1,2,7,20.4334,19.3807,23.4139,31.1718,0.5842,0.4158,0.1551,0.8449,0.0486,-0.2028
M0373,2026-02-26,SolEclipse,WeissTiger,0,4,976.91,1018.24,964.26,1029.11,Xtreme,Xtreme,season,S1,2,7,22.3006,22.3006,28.6874,24.6614,0.4408,0.5592,0.0,1.0,-0.0955,-0.0353
M0374,2026-02-26,PerseusDark,KnightMail,0,4,1017.39,1024.44,1004.86,1035.82,Xtreme,Xtreme,season,S1,2,7,21.0148,19.8895,25.5791,23.2297,0.4899,0.5101,0.0,1.0,0.0724,0.056
M0375,2026-02-26,ViperTail,GolemRock,2,5,1028.05,1077.9,1020.08,1083.79,Xtreme,Xtreme,season,S1,1,7,20.4334,16.9474,24.4327,18.0513,0.4287,0.5713,0.1029,0.8971,0.0652,-0.0217
M0376,2026-02-26,DranSword,TuskMammoth,5,0,1035.57,1095.41,1050.32,1084.09,Xtreme,Xtreme,season,S1,1,7,18.9047,14.9024,21.4449,16.4459,0.4147,0.5853,1.1029,-0.1029,-0.0448,-0.0345
M0377,2026-02-26,CobaltDragoon,FoxBrush,1,5,1067.52,1049.56,1054.71,1063.22,Xtreme,Xtreme,season,S1,1,7,19.3807,17.6531,24.3525,25.9769,0.5258,0.4742,0.0,1.0,0.0855,-0.1572
M0378,2026-02-26,CerberusFlame,ImpactDrake,3,5,996.01,1119.88,991.77,1123.06,Xtreme,Xtreme,season,S1,1,7,17.6531,16.6284,24.4196,18.2734,0.3289,0.6711,0.1551,0.8449,-0.1278,0.033
M0379,2026-02-26,ScorpioSpear,LeonCrest,5,2,1064.08,1107.63,1076.22,1091.02,Xtreme,Xtreme,season,S1,1,7,19.8895,20.4334,26.421,36.1592,0.4376,0.5624,0.8971,0.1029,0.1095,0.2565
M0380,2026-02-26,HellsBrave,TyrannoRoar,3,6,1000,1000,984.12,1015.88,Xtreme,Xtreme,exhibition,,,,40.0,40.0,40.0,40.0,0.5,0.5,0.1029,0.8971,,
M0381,2026-02-26,TyrannoRoar,ClockMirage,4,0,1015.88,1000,1037.0,980.91,Xtreme,Xtreme,exhibition,,,,38.1942,40.0,44.261,40.0,0.5228,0.4772,1.0,0.0,0.0529,
M0382,2026-02-26,ClockMirage,HellsBrave,0,5,980.91,984.12,953.7,1010.6,Xtreme,Xtreme,exhibition,,,,38.1942,38.1942,45.484,44.261,0.4954,0.5046,-0.1029,1.1029,-0.0636,-0.0529
M0383,2026-02-26,TyrannoBeat,TyrannoRoar,0,4,922.83,1037.0,908.57,1053.56,Xtreme,Xtreme,exhibition,,,,27.3667,36.5049,41.7753,48.4976,0.3414,0.6586,0.0,1.0,-0.1755,0.1095
M0384,2026-02-26,ClockMirage,EmperorMight,4,2,953.7,965.0,972.22,947.8,Xtreme,Xtreme,exhibition,,,,36.5049,36.5049,51.2795,47.6118,0.4837,0.5163,0.8449,0.1551,-0.1349,-0.1014
M0385,2026-02-26,ClockMirage,WizardRod,4,2,972.22,955.07,985.71,945.33,Xtreme,Xtreme,exhibition,,,,34.9245,20.4334,42.1297,30.3951,0.5247,0.4753,0.8449,0.1551,-0.0688,-0.1625
M0386,2026-02-26,WolfHunt,SilverWolf,0,5,1003.15,989.09,979.8,1002.9,Xtreme,Xtreme,exhibition,,,,36.5049,21.6363,37.4636,22.1622,0.5202,0.4798,-0.1029,1.1029,0.0088,0.0081
M0387,2026-02-26,TyrannoRoar,CobaltDrake,4,2,1053.56,954.84,1063.81,946.33,Xtreme,Xtreme,exhibition,,,,34.9245,32.0629,49.637,41.2051,0.6384,0.3616,0.8449,0.1551,0.1404,-0.095
M0388,2026-02-26,HellsBrave,EmperorMight,4,0,1010.6,947.8,1027.11,927.61,Xtreme,Xtreme,exhibition,,,,36.5049,34.9245,40.2158,49.1788,0.5894,0.4106,1.0,0.0,0.0339,-0.136
M0389,2026-02-26,PerseusDark,CerberusFlame,1,5,1004.86,991.77,994.18,1004.34,Xtreme,Xtreme,exhibition,,,,20.4334,17.2885,20.591,24.2337,0.5188,0.4812,0.0,1.0,-0.0026,-0.1339
M0390,2026-03-01,ValkyrieVolt,SilverWolf,0,4,1121.83,1002.9,1090.1,1020.64,Xtreme,Xtreme,season,S1,3,8,28.4261,21.0148,47.7215,26.6954,0.6648,0.3352,0.0,1.0,0.2263,0.0901
M0391,2026-03-01,WizardRod,LeonClaw,0,5,945.33,1011.07,929.62,1022.43,Xtreme,Xtreme,season,S1,3,8,19.8895,21.0148,30.8408,22.3152,0.4065,0.5935,-0.1029,1.1029,-0.1835,0.0206
M0392,2026-03-01,SharkEdge,UnicornSting,3,4,1011.35,989.32,1003.29,997.74,Xtreme,Xtreme,season,S1,3,8,18.4594,19.8895,22.4883,23.4567,0.5317,0.4683,0.1729,0.8271,0.0728,-0.0598
M0393,2026-03-01,WhaleWave,CrimsonGaruda,0,4,935.99,964.01,921.25,976.56,Xtreme,Xtreme,season,S1,3,8,20.4334,19.8895,32.0514,27.2881,0.4598,0.5402,0.0,1.0,-0.1895,-0.124
M0394,2026-03-01,RhinoReaper,HellsChain,3,4,1025.92,1007.3,1017.68,1014.7,Xtreme,Xtreme,season,S1,3,8,19.8895,19.8895,23.2901,20.9017,0.5268,0.4732,0.1729,0.8271,0.057,0.017
M0395,2026-03-01,UnicornSting,WhaleWave,3,5,997.74,921.25,988.85,936.37,Xtreme,Xtreme,season,S1,3,9,19.3807,19.8895,19.6115,33.3482,0.6083,0.3917,0.1551,0.8449,-0.004,-0.2256
M0396,2026-03-01,CrimsonGaruda,RhinoReaper,5,2,976.56,1017.68,986.62,1008.78,Xtreme,Xtreme,season,S1,3,9,19.3807,19.3807,22.0646,19.5088,0.4411,0.5589,0.8971,0.1029,-0.0462,0.0022
M0397,2026-03-01,LeonClaw,HellsChain,0,4,1022.43,1014.7,1009.3,1026.44,Xtreme,Xtreme,season,S1,3,9,20.4334,19.3807,25.6929,22.9792,0.5111,0.4889,0.0,1.0,0.0858,0.0619
M0398,2026-03-01,SilverWolf,SharkEdge,4,2,1020.64,1003.29,1030.45,997.25,Xtreme,Xtreme,season,S1,3,9,20.4334,18.0428,30.6538,18.8662,0.525,0.475,0.8449,0.1551,0.1667,0.0152
M0399,2026-03-01,WizardRod,ValkyrieVolt,0,4,929.62,1090.1,920.37,1100.39,Xtreme,Xtreme,season,S1,3,9,19.3807,27.3667,32.5782,36.1892,0.2842,0.7158,0.0,1.0,-0.227,0.1075
M0400,2026-03-01,WeissTiger,PerseusDark,4,0,1029.11,994.18,1039.67,983.31,Xtreme,Xtreme,season,S1,2,8,21.6363,19.8895,23.466,24.1502,0.5501,0.4499,1.0,0.0,0.0282,-0.0714
M0401,2026-03-01,KnightMail,WyvernHover,4,0,1035.82,1033.99,1048.75,1017.36,Xtreme,Xtreme,season,S1,2,8,19.3807,28.4261,25.999,33.4449,0.5026,0.4974,1.0,0.0,0.1138,0.0589
M0402,2026-03-01,PhoenixWing,SolEclipse,4,3,968.62,964.26,976.84,954.37,Xtreme,Xtreme,season,S1,2,8,18.9047,21.6363,25.628,30.8214,0.5063,0.4937,0.8271,0.1729,-0.1185,-0.1415
M0403,2026-03-01,DranDagger,HellsReaper,2,5,966.35,1004.26,956.33,1011.38,Xtreme,Xtreme,season,S1,2,8,19.8895,19.8895,29.2449,20.7889,0.4457,0.5543,0.1029,0.8971,-0.1568,-0.0151
M0404,2026-03-01,SharkScale,DranBrave,4,0,1104.07,1058.97,1119.93,1047.02,Xtreme,Xtreme,season,S1,2,8,23.7698,18.0428,36.4152,27.4365,0.5645,0.4355,1.0,0.0,0.1773,0.1735
M0405,2026-03-01,SolEclipse,DranDagger,3,4,954.37,956.33,944.17,966.04,Xtreme,Xtreme,season,S1,2,9,21.0148,19.3807,31.4439,29.9385,0.4972,0.5028,0.1729,0.8271,-0.1654,-0.1816
M0406,2026-03-01,HellsReaper,SharkScale,1,5,1011.38,1119.93,1003.96,1133.05,Xtreme,Xtreme,season,S1,2,9,19.3807,23.0107,21.2785,37.6282,0.3487,0.6513,0.0,1.0,0.0326,0.2117
M0407,2026-03-01,WyvernHover,DranBrave,2,4,1017.36,1047.02,1008.7,1053.84,Xtreme,Xtreme,season,S1,2,9,27.3667,17.6531,28.6238,22.5435,0.4574,0.5426,0.1551,0.8449,-0.0153,0.0923
M0408,2026-03-01,PerseusDark,PhoenixWing,4,2,983.31,976.84,992.19,969.53,Xtreme,Xtreme,season,S1,2,9,19.3807,18.4594,26.4665,21.7797,0.5093,0.4907,0.8449,0.1551,-0.1219,-0.06
M0409,2026-03-01,KnightMail,WeissTiger,2,4,1048.75,1039.67,1038.63,1049.1,Xtreme,Xtreme,season,S1,2,9,18.9047,21.0148,28.2607,26.3368,0.5131,0.4869,0.1551,0.8449,0.165,0.0844
M0410,2026-03-01,ImpactDrake,ScorpioSpear,4,1,1123.06,1076.22,1129.28,1066.83,Xtreme,Xtreme,season,S1,1,8,16.3299,19.3807,18.8653,28.4583,0.567,0.433,0.8971,0.1029,0.0518,0.1561
M0411,2026-03-01,LeonCrest,ViperTail,0,6,1091.02,1020.08,1068.73,1035.71,Xtreme,Xtreme,season,S1,1,8,19.8895,19.8895,29.5005,20.671,0.6007,0.3993,-0.1551,1.1551,0.1611,0.0131
M0412,2026-03-01,FoxBrush,CerberusFlame,5,0,1063.22,1004.34,1073.97,994.31,Xtreme,Xtreme,season,S1,1,8,17.2885,16.9474,20.7172,19.3307,0.5839,0.4161,1.1029,-0.1029,-0.0661,-0.0469
M0413,2026-03-01,TuskMammoth,CobaltDragoon,5,0,1084.09,1054.71,1095.35,1043.98,Xtreme,Xtreme,season,S1,1,8,14.7152,18.9047,20.0868,19.1316,0.5422,0.4578,1.1029,-0.1029,-0.1217,0.004
M0414,2026-03-01,GolemRock,DranSword,2,4,1083.79,1050.32,1076.77,1058.73,Xtreme,Xtreme,season,S1,1,8,16.6284,18.4594,17.8569,21.3911,0.548,0.452,0.1551,0.8449,0.0246,0.0529
M0415,2026-03-01,CerberusFlame,TuskMammoth,4,3,994.31,1095.35,1004.67,1087.91,Xtreme,Xtreme,season,S1,1,9,16.6284,14.5401,22.1069,15.8789,0.3586,0.6414,0.8271,0.1729,-0.1098,-0.0307
M0416,2026-03-01,CobaltDragoon,GolemRock,3,4,1043.98,1076.77,1037.71,1081.77,Xtreme,Xtreme,season,S1,1,9,18.4594,16.3299,22.4077,17.8506,0.453,0.547,0.1729,0.8271,-0.0713,-0.031
M0417,2026-03-01,ViperTail,DranSword,4,1,1035.71,1058.73,1046.85,1048.68,Xtreme,Xtreme,season,S1,1,9,19.3807,18.0428,25.8999,23.3619,0.4669,0.5331,0.8971,0.1029,0.1121,0.0983
M0418,2026-03-01,ScorpioSpear,FoxBrush,3,4,1066.83,1073.97,1059.2,1079.53,Xtreme,Xtreme,season,S1,1,9,18.9047,16.9474,24.0825,17.5527,0.4897,0.5103,0.1729,0.8271,0.0913,0.0119
M0419,2026-03-01,LeonCrest,ImpactDrake,4,3,1068.73,1129.28,1077.67,1120.88,Xtreme,Xtreme,season,S1,1,9,19.3807,16.0506,21.6379,20.3298,0.4137,0.5863,0.8271,0.1729,0.0388,0.0889
