MatchID,Date,BeyA,BeyB,ScoreA,ScoreB,PreA,PreB,PostA,PostB,arena,elo_arena_updated,MatchType,SeasonID,Tier,Matchday,KBaseA,KBaseB,KEffA,KEffB,ExpA,ExpB,ActA,ActB
M0001,2025-09-07,ViperTail,WizardArc,4,2,1000,1000,1014.24,985.76,Xtreme,Xtreme,exhibition,,,,40.0,40.0,40.0,40.0,0.5,0.5,0.8559,0.1441
M0002,2025-09-07,SamuraiSaber,TuskMammoth,2,4,1000,1000,985.76,1014.24,Xtreme,Xtreme,exhibition,,,,40.0,40.0,40.0,40.0,0.5,0.5,0.1441,0.8559
M0003,2025-09-07,BlackShell,GolemRock,0,4,1000,1000,980.0,1020.0,Xtreme,Xtreme,exhibition,,,,40.0,40.0,40.0,40.0,0.5,0.5,0.0,1.0
M0004,2025-09-07,LeonCrest,ImpactDrake,3,4,1000,1000,986.69,1013.31,Xtreme,Xtreme,exhibition,,,,40.0,40.0,40.0,40.0,0.5,0.5,0.1672,0.8328
M0005,2025-09-07,DranBrave,HellsReaper,4,2,1000,1000,1014.24,985.76,Xtreme,Xtreme,exhibition,,,,40.0,40.0,40.0,40.0,0.5,0.5,0.8559,0.1441
M0006,2025-09-07,HellsHammer,DranSword,3,4,1000,1000,986.69,1013.31,Xtreme,Xtreme,exhibition,,,,40.0,40.0,40.0,40.0,0.5,0.5,0.1672,0.8328
M0007,2025-09-07,DranDagger,CrimsonGaruda,4,0,1000,1000,1020.0,980.0,Xtreme,Xtreme,exhibition,,,,40.0,40.0,40.0,40.0,0.5,0.5,1.0,0.0
M0008,2025-09-07,LeonClaw,UnicornSting,0,4,1000,1000,980.0,1020.0,Xtreme,Xtreme,exhibition,,,,40.0,40.0,40.0,40.0,0.5,0.5,0.0,1.0
M0009,2025-09-07,FoxBrush,DranBuster,5,0,1000,1000,1023.6,976.4,Xtreme,Xtreme,exhibition,,,,40.0,40.0,40.0,40.0,0.5,0.5,1.0901,-0.0901
M0010,2025-09-07,HellsChain,TyrannoBeat,2,4,1000,1000,985.76,1014.24,Xtreme,Xtreme,exhibition,,,,40.0,40.0,40.0,40.0,0.5,0.5,0.1441,0.8559
M0011,2025-09-07,PhoenixWing,WizardArrow,4,3,1000,1000,1013.31,986.69,Xtreme,Xtreme,exhibition,,,,40.0,40.0,40.0,40.0,0.5,0.5,0.8328,0.1672
M0012,2025-09-07,SharkEdge,CobaltDragoon,0,5,1000,1000,976.4,1023.6,Xtreme,Xtreme,exhibition,,,,40.0,40.0,40.0,40.0,0.5,0.5,-0.0901,1.0901
M0013,2025-09-07,PerseusDark,WhaleWave,5,0,1000,1000,1023.6,976.4,Xtreme,Xtreme,exhibition,,,,40.0,40.0,40.0,40.0,0.5,0.5,1.0901,-0.0901
M0014,2025-09-07,SilverWolf,WizardRod,3,4,1000,1000,986.69,1013.31,Xtreme,Xtreme,exhibition,,,,40.0,40.0,40.0,40.0,0.5,0.5,0.1672,0.8328
M0015,2025-09-07,WeissTiger,RhinoReaper,4,0,1000,1000,1020.0,980.0,Xtreme,Xtreme,exhibition,,,,40.0,40.0,40.0,40.0,0.5,0.5,1.0,0.0
M0016,2025-09-07,ScorpioSpear,PhoenixRudder,2,4,1000,1000,985.76,1014.24,Xtreme,Xtreme,exhibition,,,,40.0,40.0,40.0,40.0,0.5,0.5,0.1441,0.8559
M0017,2025-09-07,ViperTail,TuskMammoth,2,5,1014.24,1014.24,981.33,1047.15,Xtreme,Xtreme,exhibition,,,,38.8295,38.8295,80.289,80.289,0.5,0.5,0.0901,0.9099
M0018,2025-09-07,GolemRock,ImpactDrake,0,4,1020.0,1013.31,970.53,1052.86,Xtreme,Xtreme,exhibition,,,,38.8295,38.8295,97.0738,77.5975,0.5096,0.4904,0.0,1.0
M0019,2025-09-07,DranBrave,DranSword,3,5,1014.24,1013.31,985.55,1041.03,Xtreme,Xtreme,exhibition,,,,38.8295,38.8295,80.289,77.5975,0.5013,0.4987,0.1441,0.8559
M0020,2025-09-07,DranDagger,UnicornSting,1,4,1020.0,1020.0,980.21,1059.79,Xtreme,Xtreme,exhibition,,,,38.8295,38.8295,97.0738,97.0738,0.5,0.5,0.0901,0.9099
M0021,2025-09-07,FoxBrush,TyrannoBeat,5,2,1023.6,1014.24,1066.25,982.41,Xtreme,Xtreme,exhibition,,,,38.8295,38.8295,107.5686,80.289,0.5135,0.4865,0.9099,0.0901
M0022,2025-09-07,PhoenixWing,CobaltDragoon,4,2,1013.31,1023.6,1042.08,983.73,Xtreme,Xtreme,exhibition,,,,38.8295,38.8295,77.5975,107.5686,0.4852,0.5148,0.8559,0.1441
M0023,2025-09-07,PerseusDark,WizardRod,2,4,1023.6,1013.31,983.73,1042.08,Xtreme,Xtreme,exhibition,,,,38.8295,38.8295,107.5686,77.5975,0.5148,0.4852,0.1441,0.8559
M0024,2025-09-07,WeissTiger,PhoenixRudder,3,4,1020.0,1014.24,986.89,1041.62,Xtreme,Xtreme,exhibition,,,,38.8295,38.8295,97.0738,80.289,0.5083,0.4917,0.1672,0.8328
M0025,2025-09-07,TuskMammoth,ImpactDrake,0,4,1047.15,1052.86,1007.29,1094.84,Xtreme,Xtreme,exhibition,,,,37.7161,37.7161,81.0415,85.3758,0.4918,0.5082,0.0,1.0
M0026,2025-09-07,DranSword,UnicornSting,4,1,1041.03,1059.79,1074.57,1020.82,Xtreme,Xtreme,exhibition,,,,37.7161,37.7161,76.7549,89.1933,0.473,0.527,0.9099,0.0901
M0027,2025-09-07,FoxBrush,PhoenixWing,4,0,1066.25,1042.08,1109.76,1006.01,Xtreme,Xtreme,exhibition,,,,37.7161,37.7161,93.5278,77.5173,0.5347,0.4653,1.0,0.0
M0028,2025-09-07,WizardRod,PhoenixRudder,4,2,1042.08,1041.62,1069.62,1014.22,Xtreme,Xtreme,exhibition,,,,37.7161,37.7161,77.5173,77.1488,0.5007,0.4993,0.8559,0.1441
M0029,2025-09-07,ImpactDrake,DranSword,4,2,1094.84,1074.57,1122.8,1049.09,Xtreme,Xtreme,exhibition,,,,36.657,36.657,85.5652,77.9665,0.5292,0.4708,0.8559,0.1441
M0030,2025-09-07,FoxBrush,WizardRod,4,1,1109.76,1069.62,1141.43,1043.02,Xtreme,Xtreme,exhibition,,,,36.657,36.657,89.8755,75.4685,0.5575,0.4425,0.9099,0.0901
M0031,2025-09-07,ImpactDrake,FoxBrush,7,0,1122.8,1141.43,1178.36,1083.22,Xtreme,Xtreme,exhibition,,,,35.6495,35.6495,80.0592,83.8883,0.4732,0.5268,1.1672,-0.1672
M0032,2025-11-12,WeissTiger,ImpactDrake,3,4,986.89,1178.36,983.05,1185.24,Xtreme,Xtreme,exhibition,,,,37.7161,34.6912,46.7058,83.7089,0.2493,0.7507,0.1672,0.8328
M0033,2025-11-12,CobaltDragoon,WizardArc,5,3,983.73,985.76,1001.71,956.95,Xtreme,Xtreme,exhibition,,,,37.7161,38.8295,50.1272,80.289,0.4971,0.5029,0.8559,0.1441
M0034,2025-11-12,HellsChain,PhoenixWing,6,3,985.76,1006.01,1021.01,986.09,Xtreme,Xtreme,exhibition,,,,38.8295,36.657,80.289,45.3904,0.4709,0.5291,0.9099,0.0901
M0035,2025-11-12,UnicornSting,WizardRod,5,2,1020.82,1043.02,1044.68,1018.93,Xtreme,Xtreme,exhibition,,,,36.657,35.6495,53.9969,54.5364,0.4681,0.5319,0.9099,0.0901
M0036,2025-11-12,PhoenixRudder,SilverWolf,1,4,1014.22,986.69,992.11,1021.56,Xtreme,Xtreme,exhibition,,,,36.657,38.8295,49.1847,77.5975,0.5395,0.4605,0.0901,0.9099
M0037,2025-11-12,LeonCrest,GolemRock,2,4,986.69,970.53,957.27,985.04,Xtreme,Xtreme,exhibition,,,,38.8295,37.7161,77.5975,38.2605,0.5232,0.4768,0.1441,0.8559
M0038,2025-11-12,CerberusFlame,TyrannoBeat,4,1,1000,982.41,1015.38,967.02,Xtreme,Xtreme,exhibition,,,,40.0,37.7161,40.0,40.0084,0.5253,0.4747,0.9099,0.0901
M0039,2025-11-12,PerseusDark,KnightMail,0,5,983.73,1000,955.32,1022.67,Xtreme,Xtreme,exhibition,,,,37.7161,40.0,50.1272,40.0,0.4766,0.5234,-0.0901,1.0901
M0040,2025-11-12,DranSword,BlackShell,1,4,1049.09,980.0,1020.11,1029.32,Xtreme,Xtreme,exhibition,,,,35.6495,38.8295,57.0436,97.0738,0.5981,0.4019,0.0901,0.9099
M0041,2025-11-12,FoxBrush,PegasusBlast,4,0,1083.22,1000,1105.32,984.7,Xtreme,Xtreme,exhibition,,,,34.6912,40.0,57.7998,40.0,0.6175,0.3825,1.0,0.0
M0042,2025-11-12,DranBrave,ViperTail,0,4,985.55,981.33,966.43,1001.96,Xtreme,Xtreme,exhibition,,,,37.7161,37.7161,37.7913,40.7709,0.5061,0.4939,0.0,1.0
M0043,2025-11-12,HellsReaper,ScorpioSpear,2,4,985.76,985.76,957.19,1014.34,Xtreme,Xtreme,exhibition,,,,38.8295,38.8295,80.289,80.289,0.5,0.5,0.1441,0.8559
M0044,2025-11-12,WhaleWave,WhaleFlame,4,2,976.4,1000,1018.33,984.41,Xtreme,Xtreme,exhibition,,,,38.8295,40.0,107.5686,40.0,0.4661,0.5339,0.8559,0.1441
M0045,2025-11-12,DranBuster,SamuraiSaber,4,0,976.4,985.76,1031.63,944.54,Xtreme,Xtreme,exhibition,,,,38.8295,38.8295,107.5686,80.289,0.4865,0.5135,1.0,0.0
M0046,2025-11-12,WizardArrow,RhinoReaper,3,4,986.69,980.0,960.12,1013.24,Xtreme,Xtreme,exhibition,,,,38.8295,38.8295,77.5975,97.0738,0.5096,0.4904,0.1672,0.8328
M0047,2025-11-12,SharkEdge,CrimsonGaruda,4,1,976.4,980.0,1021.05,939.71,Xtreme,Xtreme,exhibition,,,,38.8295,38.8295,107.5686,97.0738,0.4948,0.5052,0.9099,0.0901
M0048,2025-11-12,LeonClaw,ImpactDrake,2,4,980.0,1185.24,971.2,1192.04,Xtreme,Xtreme,exhibition,,,,38.8295,33.7796,97.0738,74.9415,0.2348,0.7652,0.1441,0.8559
M0049,2025-11-12,HellsHammer,CobaltDragoon,0,5,986.69,1001.71,942.57,1034.6,Xtreme,Xtreme,exhibition,,,,38.8295,36.657,77.5975,57.8528,0.4784,0.5216,-0.0901,1.0901
M0050,2025-11-12,TuskMammoth,HellsChain,5,3,1007.29,1021.01,1024.84,1005.08,Xtreme,Xtreme,exhibition,,,,36.657,37.7161,46.7022,42.4176,0.4803,0.5197,0.8559,0.1441
M0051,2025-11-12,DranDagger,UnicornSting,5,0,980.21,1044.68,1009.4,1003.7,Xtreme,Xtreme,exhibition,,,,37.7161,35.6495,42.8131,60.1098,0.4083,0.5917,1.0901,-0.0901
M0052,2025-11-12,GolemRock,CerberusFlame,1,4,985.04,1015.38,966.64,1046.02,Xtreme,Xtreme,exhibition,,,,36.657,38.8295,50.2026,83.6322,0.4564,0.5436,0.0901,0.9099
M0053,2025-11-12,BlackShell,FoxBrush,0,4,1029.32,1105.32,1014.34,1128.47,Xtreme,Xtreme,exhibition,,,,37.7161,33.7796,38.1711,58.9908,0.3923,0.6077,0.0,1.0
M0054,2025-11-12,ScorpioSpear,WhaleWave,4,1,1014.34,1018.33,1030.02,997.94,Xtreme,Xtreme,exhibition,,,,37.7161,37.7161,37.7161,49.046,0.4943,0.5057,0.9099,0.0901
M0055,2025-11-12,RhinoReaper,SharkEdge,4,2,1013.24,1021.05,1030.36,1003.57,Xtreme,Xtreme,exhibition,,,,37.7161,37.7161,46.6305,47.6166,0.4888,0.5112,0.8559,0.1441
M0056,2025-11-12,ImpactDrake,SilverWolf,2,4,1192.04,1021.56,1152.04,1047.41,Xtreme,Xtreme,exhibition,,,,32.9125,37.7161,68.5678,44.3145,0.7274,0.2726,0.1441,0.8559
M0057,2025-11-12,CobaltDragoon,KnightMail,3,5,1034.6,1022.67,1009.86,1061.78,Xtreme,Xtreme,exhibition,,,,35.6495,38.8295,66.3091,104.8425,0.5172,0.4828,0.1441,0.8559
M0058,2025-11-12,TuskMammoth,ViperTail,5,1,1024.84,1001.96,1049.6,977.09,Xtreme,Xtreme,exhibition,,,,35.6495,36.657,53.02,53.2292,0.5329,0.4671,1.0,0.0
M0059,2025-11-12,DranDagger,DranBuster,4,2,1009.4,1031.63,1034.59,1015.32,Xtreme,Xtreme,exhibition,,,,36.657,37.7161,64.9533,42.0506,0.4681,0.5319,0.8559,0.1441
M0060,2025-11-12,SilverWolf,CerberusFlame,0,4,1047.41,1046.02,1016.13,1086.28,Xtreme,Xtreme,exhibition,,,,36.657,37.7161,62.3137,80.2005,0.502,0.498,0.0,1.0
M0061,2025-11-12,KnightMail,FoxBrush,2,4,1061.78,1128.47,1038.05,1144.0,Xtreme,Xtreme,exhibition,,,,37.7161,32.9125,90.8828,59.5013,0.4052,0.5948,0.1441,0.8559
M0062,2025-11-12,TuskMammoth,ScorpioSpear,6,0,1049.6,1030.02,1085.29,998.05,Xtreme,Xtreme,exhibition,,,,34.6912,36.657,57.9371,51.8934,0.5282,0.4718,1.1441,-0.1441
M0063,2025-11-12,DranDagger,RhinoReaper,2,6,1034.59,1030.36,1000.86,1052.8,Xtreme,Xtreme,exhibition,,,,35.6495,36.657,66.6587,44.3392,0.5061,0.4939,0.0,1.0
M0064,2025-11-12,CerberusFlame,FoxBrush,1,4,1086.28,1144.0,1059.23,1162.98,Xtreme,Xtreme,exhibition,,,,36.657,32.0877,82.5864,57.9116,0.4177,0.5823,0.0901,0.9099
M0065,2025-11-12,TuskMammoth,RhinoReaper,0,4,1085.29,1052.8,1050.83,1082.75,Xtreme,Xtreme,exhibition,,,,33.7796,35.6495,63.0452,54.7843,0.5466,0.4534,0.0,1.0
M0066,2025-11-12,FoxBrush,RhinoReaper,8,4,1162.98,1082.75,1185.05,1059.18,Xtreme,Xtreme,exhibition,,,,31.3031,34.6912,57.1147,60.9652,0.6134,0.3866,1.0,0.0
M0067,2025-12-02,FoxBrush,WhaleFlame,5,0,1185.05,984.41,1203.77,956.64,Xtreme,Xtreme,exhibition,,,,30.5567,38.8295,56.7768,84.2398,0.7604,0.2396,1.0901,-0.0901
M0068,2025-12-02,ImpactDrake,PerseusDark,5,0,1152.04,955.32,1170.56,938.83,Xtreme,Xtreme,exhibition,,,,32.0877,36.657,55.4857,49.3885,0.7563,0.2437,1.0901,-0.0901
M0069,2025-12-02,CerberusFlame,ScorpioSpear,4,2,1059.23,998.05,1075.46,987.03,Xtreme,Xtreme,exhibition,,,,35.6495,35.6495,60.3909,41.0045,0.5871,0.4129,0.8559,0.1441
M0070,2025-12-02,CobaltDragoon,PhoenixRudder,4,1,1009.86,992.11,1029.39,977.3,Xtreme,Xtreme,exhibition,,,,34.6912,35.6495,50.794,38.5287,0.5255,0.4745,0.9099,0.0901
M0071,2025-12-02,DranDagger,LeonCrest,4,0,1000.86,957.27,1021.99,923.14,Xtreme,Xtreme,exhibition,,,,34.6912,37.7161,48.2976,77.9943,0.5624,0.4376,1.0,0.0
M0072,2025-12-02,KnightMail,WizardArc,4,0,1038.05,956.95,1061.77,926.84,Xtreme,Xtreme,exhibition,,,,36.657,37.7161,61.5349,78.1526,0.6146,0.3854,1.0,0.0
M0073,2025-12-02,RhinoReaper,TyrannoBeat,4,3,1059.18,967.02,1069.05,956.4,Xtreme,Xtreme,exhibition,,,,33.7796,36.657,48.5705,52.2409,0.6296,0.3704,0.8328,0.1672
M0074,2025-12-02,WeissTiger,HellsReaper,4,1,983.05,957.19,997.77,928.12,Xtreme,Xtreme,exhibition,,,,36.657,37.7161,39.4712,77.9867,0.5372,0.4628,0.9099,0.0901
M0075,2025-12-02,TuskMammoth,SharkEdge,4,3,1050.83,1003.57,1063.99,988.57,Xtreme,Xtreme,exhibition,,,,32.9125,36.657,49.6431,56.5303,0.5676,0.4324,0.8328,0.1672
M0076,2025-12-02,UnicornSting,PhoenixWing,2,5,1003.7,986.09,986.49,1003.94,Xtreme,Xtreme,exhibition,,,,34.6912,35.6495,39.5413,41.0175,0.5253,0.4747,0.0901,0.9099
M0077,2025-12-02,ViperTail,PegasusBlast,5,0,977.09,984.7,998.76,934.58,Xtreme,Xtreme,exhibition,,,,35.6495,38.8295,36.0516,83.384,0.4891,0.5109,1.0901,-0.0901
M0078,2025-12-02,DranSword,DranBrave,5,2,1020.11,966.43,1033.7,948.01,Xtreme,Xtreme,exhibition,,,,34.6912,36.657,40.7716,55.2573,0.5766,0.4234,0.9099,0.0901
M0079,2025-12-02,SilverWolf,HellsHammer,5,1,1016.13,942.57,1032.33,907.47,Xtreme,Xtreme,exhibition,,,,35.6495,37.7161,40.9412,88.7057,0.6043,0.3957,1.0,0.0
M0080,2025-12-02,WizardRod,LeonClaw,1,4,1018.93,971.2,999.71,1005.21,Xtreme,Xtreme,exhibition,,,,34.6912,37.7161,40.1984,71.1346,0.5683,0.4317,0.0901,0.9099
M0081,2025-12-02,DranBuster,BlackShell,0,4,1015.32,1014.34,988.4,1039.79,Xtreme,Xtreme,exhibition,,,,36.657,36.657,53.6832,50.7438,0.5014,0.4986,0.0,1.0
M0082,2025-12-02,HellsChain,WhaleWave,3,4,1005.08,997.94,988.82,1018.27,Xtreme,Xtreme,exhibition,,,,36.657,36.657,47.3806,59.2346,0.5103,0.4897,0.1672,0.8328
M0083,2025-12-02,GolemRock,SamuraiSaber,4,0,966.64,944.54,983.38,903.85,Xtreme,Xtreme,exhibition,,,,35.6495,37.7161,35.7346,86.901,0.5318,0.4682,1.0,0.0
M0084,2025-12-02,WizardArrow,CrimsonGaruda,0,4,960.12,939.71,919.93,987.07,Xtreme,Xtreme,exhibition,,,,37.7161,37.7161,75.9169,89.4867,0.5293,0.4707,0.0,1.0
M0085,2025-12-02,FoxBrush,ViperTail,2,5,1203.77,998.76,1167.92,1030.41,Xtreme,Xtreme,exhibition,,,,29.8468,34.6912,53.1258,46.8887,0.765,0.235,0.0901,0.9099
M0086,2025-12-02,ImpactDrake,DranSword,2,4,1170.56,1033.7,1140.64,1057.79,Xtreme,Xtreme,exhibition,,,,31.3031,33.7796,55.0758,44.3422,0.6874,0.3126,0.1441,0.8559
M0087,2025-12-02,CerberusFlame,SilverWolf,4,0,1075.46,1032.33,1101.56,1011.71,Xtreme,Xtreme,exhibition,,,,34.6912,34.6912,59.5466,47.0472,0.5618,0.4382,1.0,0.0
M0088,2025-12-02,CobaltDragoon,GolemRock,4,1,1029.39,983.38,1047.74,968.06,Xtreme,Xtreme,exhibition,,,,33.7796,34.6912,53.3381,44.5035,0.5658,0.4342,0.9099,0.0901
M0089,2025-12-02,DranDagger,PhoenixWing,4,3,1021.99,1003.94,1038.01,991.79,Xtreme,Xtreme,exhibition,,,,33.7796,34.6912,52.2112,39.5715,0.526,0.474,0.8328,0.1672
M0090,2025-12-02,KnightMail,LeonClaw,2,4,1061.77,1005.21,1033.78,1023.01,Xtreme,Xtreme,exhibition,,,,35.6495,36.657,64.0987,40.7821,0.5807,0.4193,0.1441,0.8559
M0091,2025-12-02,RhinoReaper,BlackShell,5,0,1069.05,1039.79,1095.43,1018.53,Xtreme,Xtreme,exhibition,,,,32.9125,35.6495,48.1312,38.7811,0.542,0.458,1.0901,-0.0901
M0092,2025-12-02,WeissTiger,WhaleWave,4,0,997.77,1018.27,1023.0,995.53,Xtreme,Xtreme,exhibition,,,,35.6495,35.6495,47.6685,42.9446,0.4705,0.5295,1.0,0.0
M0093,2025-12-02,TuskMammoth,CrimsonGaruda,5,3,1063.99,987.07,1076.23,974.53,Xtreme,Xtreme,exhibition,,,,32.0877,36.657,49.5513,50.7975,0.6089,0.3911,0.8559,0.1441
M0094,2025-12-02,UnicornSting,LeonCrest,2,5,986.49,923.14,967.89,962.54,Xtreme,Xtreme,exhibition,,,,33.7796,36.657,37.195,78.796,0.5902,0.4098,0.0901,0.9099
M0095,2025-12-02,WizardRod,WizardArc,2,4,999.71,926.84,982.54,962.19,Xtreme,Xtreme,exhibition,,,,33.7796,36.657,37.3872,76.9839,0.6034,0.3966,0.1441,0.8559
M0096,2025-12-02,DranBuster,TyrannoBeat,4,0,988.4,956.4,1016.32,932.59,Xtreme,Xtreme,exhibition,,,,35.6495,35.6495,61.4745,52.4493,0.5459,0.4541,1.0,0.0
M0097,2025-12-02,HellsChain,HellsReaper,4,1,988.82,928.12,1005.85,903.4,Xtreme,Xtreme,exhibition,,,,35.6495,36.657,52.644,76.4142,0.5865,0.4135,0.9099,0.0901
M0098,2025-12-02,WizardArrow,SharkEdge,1,4,919.93,988.57,894.69,1006.45,Xtreme,Xtreme,exhibition,,,,36.657,35.6495,80.8131,57.2358,0.4025,0.5975,0.0901,0.9099
M0099,2025-12-02,WhaleFlame,PegasusBlast,4,2,956.64,934.58,982.06,904.32,Xtreme,Xtreme,exhibition,,,,37.7161,37.7161,78.4209,93.3578,0.5317,0.4683,0.8559,0.1441
M0100,2025-12-02,PerseusDark,DranBrave,4,1,938.83,948.01,961.62,923.42,Xtreme,Xtreme,exhibition,,,,35.6495,35.6495,53.8608,58.1269,0.4868,0.5132,0.9099,0.0901
M0101,2025-12-02,ScorpioSpear,HellsHammer,5,1,987.03,907.47,1004.26,874.85,Xtreme,Xtreme,exhibition,,,,34.6912,36.657,44.4545,84.2007,0.6125,0.3875,1.0,0.0
M0102,2025-12-02,PhoenixRudder,SamuraiSaber,4,1,977.3,903.85,991.04,877.65,Xtreme,Xtreme,exhibition,,,,34.6912,36.657,44.9334,85.69,0.6042,0.3958,0.9099,0.0901
M0103,2025-12-11,ViperTail,DranDagger,2,5,1030.41,1038.01,1008.43,1059.01,Xtreme,Xtreme,exhibition,,,,33.7796,32.9125,55.0757,52.6336,0.4891,0.5109,0.0901,0.9099
M0104,2025-12-11,TuskMammoth,LeonCrest,4,1,1076.23,962.54,1088.58,949.19,Xtreme,Xtreme,exhibition,,,,31.3031,35.6495,49.0239,53.0145,0.658,0.342,0.9099,0.0901
M0105,2025-12-11,CerberusFlame,BlackShell,4,1,1101.56,1018.53,1119.51,1005.75,Xtreme,Xtreme,exhibition,,,,33.7796,34.6912,61.3502,43.6614,0.6173,0.3827,0.9099,0.0901
M0106,2025-12-11,FoxBrush,DranBrave,0,4,1167.92,923.42,1133.74,972.42,Xtreme,Xtreme,exhibition,,,,29.1715,34.6912,42.5483,60.9967,0.8034,0.1966,0.0,1.0
M0107,2025-12-11,PhoenixWing,CobaltDragoon,5,3,991.79,1047.74,1007.05,1024.17,Xtreme,Xtreme,exhibition,,,,33.7796,32.9125,35.0022,54.0998,0.4202,0.5798,0.8559,0.1441
M0108,2025-12-11,KnightMail,ScorpioSpear,2,4,1033.78,1004.26,1014.76,1018.26,Xtreme,Xtreme,exhibition,,,,34.6912,33.7796,47.7512,35.1576,0.5424,0.4576,0.1441,0.8559
M0109,2025-12-11,ImpactDrake,PhoenixRudder,4,1,1140.64,991.04,1150.26,983.39,Xtreme,Xtreme,exhibition,,,,30.5567,33.7796,46.4618,36.9265,0.7029,0.2971,0.9099,0.0901
M0110,2025-12-11,SharkEdge,SamuraiSaber,4,2,1006.45,877.65,1014.49,863.43,Xtreme,Xtreme,exhibition,,,,34.6912,35.6495,44.9938,79.5884,0.6773,0.3227,0.8559,0.1441
M0111,2025-12-11,ImpactDrake,DranDagger,4,0,1150.26,1059.01,1166.7,1039.05,Xtreme,Xtreme,exhibition,,,,29.8468,32.0877,44.2559,53.7119,0.6284,0.3716,1.0,0.0
M0112,2025-12-11,PhoenixWing,KnightMail,2,6,1007.05,1014.76,988.45,1033.17,Xtreme,Xtreme,exhibition,,,,32.9125,33.7796,38.0377,37.6498,0.4889,0.5111,0.0,1.0
M0113,2025-12-11,DranBrave,TuskMammoth,3,5,972.42,1088.58,964.33,1098.01,Xtreme,Xtreme,exhibition,,,,33.7796,30.5567,41.5562,48.4343,0.3388,0.6612,0.1441,0.8559
M0114,2025-12-11,SharkEdge,CerberusFlame,4,3,1014.49,1119.51,1033.25,1090.71,Xtreme,Xtreme,exhibition,,,,33.7796,32.9125,39.123,60.0657,0.3533,0.6467,0.8328,0.1672
M0115,2025-12-11,SharkEdge,KnightMail,5,2,1033.25,1033.17,1047.68,1015.53,Xtreme,Xtreme,exhibition,,,,32.9125,32.9125,35.2136,43.0408,0.5001,0.4999,0.9099,0.0901
M0116,2025-12-11,ImpactDrake,TuskMammoth,4,1,1166.7,1098.01,1179.84,1083.69,Xtreme,Xtreme,exhibition,,,,29.1715,29.8468,42.0468,45.8656,0.5976,0.4024,0.9099,0.0901
M0117,2025-12-11,KnightMail,TuskMammoth,4,2,1015.53,1083.69,1031.74,1066.25,Xtreme,Xtreme,exhibition,,,,32.0877,29.1715,35.7968,38.5074,0.4032,0.5968,0.8559,0.1441
M0118,2025-12-11,ImpactDrake,SharkEdge,6,3,1179.84,1047.68,1188.88,1038.78,Xtreme,Xtreme,exhibition,,,,28.5291,32.0877,39.5849,38.9816,0.6815,0.3185,0.9099,0.0901
M0119,2025-12-27,CerberusFlame,WeissTiger,0,4,1090.71,1023.0,1061.21,1055.84,Xtreme,Xtreme,exhibition,,,,32.0877,34.6912,49.4814,55.0687,0.5962,0.4038,0.0,1.0
M0120,2025-12-27,CobaltDragoon,TuskMammoth,4,0,1024.17,1066.25,1049.33,1044.96,Xtreme,Xtreme,exhibition,,,,32.0877,28.5291,44.9189,37.9934,0.4397,0.5603,1.0,0.0
M0121,2025-12-27,DranDagger,ViperTail,0,4,1039.05,1008.43,1013.93,1032.95,Xtreme,Xtreme,exhibition,,,,31.3031,32.9125,46.1769,45.0702,0.5439,0.4561,0.0,1.0
M0122,2025-12-27,RhinoReaper,DranSword,2,4,1095.43,1057.79,1074.25,1078.03,Xtreme,Xtreme,exhibition,,,,32.0877,32.9125,51.6653,49.3969,0.554,0.446,0.1441,0.8559
M0123,2025-12-27,SamuraiSaber,HellsReaper,0,4,863.43,903.4,831.29,935.85,Xtreme,Xtreme,exhibition,,,,34.6912,35.6495,72.6148,73.2954,0.4427,0.5573,0.0,1.0
M0124,2025-12-27,HellsHammer,TyrannoBeat,1,4,874.85,932.59,848.42,951.33,Xtreme,Xtreme,exhibition,,,,35.6495,34.6912,80.6871,57.2213,0.4177,0.5823,0.0901,0.9099
M0125,2025-12-27,DranBrave,WizardArrow,4,0,964.33,894.69,981.24,864.12,Xtreme,Xtreme,exhibition,,,,32.9125,35.6495,42.1534,76.2088,0.5989,0.4011,1.0,0.0
M0126,2025-12-27,PegasusBlast,WizardRod,2,5,904.32,982.54,879.0,995.22,Xtreme,Xtreme,exhibition,,,,36.657,32.9125,84.5946,42.4035,0.3893,0.6107,0.0901,0.9099
M0127,2025-12-27,LeonClaw,FoxBrush,1,5,1023.01,1133.74,1007.69,1144.37,Xtreme,Xtreme,exhibition,,,,35.6495,28.5291,44.3139,30.7534,0.3458,0.6542,0.0,1.0
M0128,2025-12-27,UnicornSting,CrimsonGaruda,4,0,967.89,974.53,989.71,947.74,Xtreme,Xtreme,exhibition,,,,32.9125,35.6495,42.8186,52.5673,0.4904,0.5096,1.0,0.0
M0129,2025-12-27,ImpactDrake,ScorpioSpear,0,4,1188.88,1018.26,1161.29,1045.46,Xtreme,Xtreme,exhibition,,,,27.918,32.9125,37.9131,37.3798,0.7275,0.2725,0.0,1.0
M0130,2025-12-27,KnightMail,PhoenixRudder,5,0,1031.74,983.39,1052.18,963.36,Xtreme,Xtreme,exhibition,,,,31.3031,32.9125,39.2437,38.4604,0.5691,0.4309,1.0901,-0.0901
M0131,2025-12-27,BlackShell,LeonCrest,2,4,1005.75,949.19,985.67,972.52,Xtreme,Xtreme,exhibition,,,,33.7796,34.6912,46.0011,53.4529,0.5807,0.4193,0.1441,0.8559
M0132,2025-12-27,WhaleWave,WizardArc,5,2,995.53,962.19,1014.14,943.08,Xtreme,Xtreme,exhibition,,,,34.6912,35.6495,51.3911,52.7839,0.5478,0.4522,0.9099,0.0901
M0133,2025-12-27,SilverWolf,SharkEdge,2,4,1011.71,1038.78,1000.17,1049.84,Xtreme,Xtreme,exhibition,,,,33.7796,31.3031,36.4037,34.8981,0.4611,0.5389,0.1441,0.8559
M0134,2025-12-27,DranBuster,PhoenixWing,6,0,1016.32,988.45,1043.71,968.15,Xtreme,Xtreme,exhibition,,,,34.6912,32.0877,45.3443,33.5984,0.54,0.46,1.1441,-0.1441
M0135,2025-12-27,HellsChain,PerseusDark,2,6,1005.85,961.62,982.65,984.19,Xtreme,Xtreme,exhibition,,,,34.6912,34.6912,41.1893,40.0616,0.5633,0.4367,0.0,1.0
M0136,2025-12-27,GolemRock,WhaleWave,4,0,968.06,1014.14,988.4,990.81,Xtreme,Xtreme,exhibition,,,,33.7796,33.7796,35.9303,41.2151,0.4341,0.5659,1.0,0.0
M0137,2025-12-27,FoxBrush,DranBuster,6,0,1144.37,1043.71,1159.49,1025.93,Xtreme,Xtreme,exhibition,,,,27.918,33.7796,30.0399,35.338,0.6409,0.3591,1.1441,-0.1441
M0138,2025-12-27,CerberusFlame,GolemRock,0,5,1061.21,988.4,1033.36,1018.0,Xtreme,Xtreme,exhibition,,,,31.3031,32.9125,40.165,42.6911,0.6033,0.3967,-0.0901,1.0901
M0139,2025-12-27,DranDagger,PerseusDark,4,1,1013.93,984.19,1028.12,969.89,Xtreme,Xtreme,exhibition,,,,30.5567,33.7796,38.6376,38.936,0.5427,0.4573,0.9099,0.0901
M0140,2025-12-27,TuskMammoth,ScorpioSpear,4,3,1044.96,1045.46,1054.75,1030.56,Xtreme,Xtreme,exhibition,,,,27.918,32.0877,29.341,44.6529,0.4993,0.5007,0.8328,0.1672
M0141,2025-12-27,LeonClaw,LeonCrest,3,4,1007.69,972.52,994.22,988.48,Xtreme,Xtreme,exhibition,,,,34.6912,33.7796,35.1447,41.6294,0.5504,0.4496,0.1672,0.8328
M0142,2025-12-27,KnightMail,SharkEdge,0,4,1052.18,1049.84,1030.89,1068.27,Xtreme,Xtreme,exhibition,,,,30.5567,30.5567,42.3086,36.6215,0.5034,0.4966,0.0,1.0
M0143,2025-12-27,RhinoReaper,WhaleWave,3,5,1074.25,990.81,1053.41,1013.13,Xtreme,Xtreme,exhibition,,,,31.3031,32.9125,44.0031,47.1046,0.6178,0.3822,0.1441,0.8559
M0144,2025-12-27,ImpactDrake,PhoenixWing,3,6,1161.29,968.15,1141.95,993.93,Xtreme,Xtreme,exhibition,,,,27.3368,31.3031,29.2077,38.9162,0.7525,0.2475,0.0901,0.9099
M0145,2025-12-27,SilverWolf,DranBrave,3,5,1000.17,981.24,986.69,994.7,Xtreme,Xtreme,exhibition,,,,32.9125,32.0877,35.193,35.1445,0.5272,0.4728,0.1441,0.8559
M0146,2025-12-27,HellsChain,BlackShell,4,0,982.65,985.67,1007.14,960.82,Xtreme,Xtreme,exhibition,,,,33.7796,32.9125,48.5666,49.2776,0.4957,0.5043,1.0,0.0
M0147,2025-12-27,WhaleFlame,UnicornSting,0,4,982.06,989.71,957.05,1006.53,Xtreme,Xtreme,exhibition,,,,36.657,32.0877,51.1467,34.4069,0.489,0.511,0.0,1.0
M0148,2025-12-27,PhoenixRudder,WizardRod,0,4,963.36,995.22,943.78,1011.84,Xtreme,Xtreme,exhibition,,,,32.0877,32.0877,43.0891,36.5839,0.4543,0.5457,0.0,1.0
M0149,2025-12-27,WizardArc,HellsReaper,3,5,943.08,935.85,922.73,955.92,Xtreme,Xtreme,exhibition,,,,34.6912,34.6912,55.5668,54.783,0.5104,0.4896,0.1441,0.8559
M0150,2025-12-27,TyrannoBeat,CrimsonGaruda,2,4,951.33,947.74,934.53,968.85,Xtreme,Xtreme,exhibition,,,,33.7796,34.6912,46.5288,58.4679,0.5052,0.4948,0.1441,0.8559
M0151,2025-12-27,LeonClaw,WizardRod,4,2,994.22,1011.84,1009.71,999.59,Xtreme,Xtreme,exhibition,,,,33.7796,31.3031,40.6204,32.1442,0.4747,0.5253,0.8559,0.1441
M0152,2025-12-27,CerberusFlame,CrimsonGaruda,5,3,1033.36,968.85,1041.81,956.45,Xtreme,Xtreme,exhibition,,,,30.5567,33.7796,31.9862,46.9743,0.5918,0.4082,0.8559,0.1441
M0153,2025-12-27,UnicornSting,DranBrave,1,4,1006.53,994.7,991.85,1008.64,Xtreme,Xtreme,exhibition,,,,31.3031,31.3031,34.3944,32.65,0.517,0.483,0.0901,0.9099
M0154,2025-12-27,HellsChain,HellsReaper,0,4,1007.14,955.92,985.28,981.08,Xtreme,Xtreme,exhibition,,,,32.9125,33.7796,38.1476,43.8959,0.5732,0.4268,0.0,1.0
M0155,2025-12-27,PhoenixWing,KnightMail,4,0,993.93,1030.89,1011.17,1013.33,Xtreme,Xtreme,exhibition,,,,30.5567,29.8468,31.1732,31.7442,0.447,0.553,1.0,0.0
M0156,2025-12-27,DranBuster,ScorpioSpear,2,5,1025.93,1030.56,1010.32,1046.18,Xtreme,Xtreme,exhibition,,,,32.9125,31.3031,38.7081,38.7191,0.4933,0.5067,0.0901,0.9099
M0157,2025-12-27,PerseusDark,RhinoReaper,6,3,969.89,1053.41,987.73,1033.68,Xtreme,Xtreme,exhibition,,,,32.9125,30.5567,33.7858,37.3715,0.3821,0.6179,0.9099,0.0901
M0158,2025-12-27,PhoenixWing,ScorpioSpear,1,5,1011.17,1046.18,997.13,1064.51,Xtreme,Xtreme,exhibition,,,,29.8468,30.5567,31.2161,40.7685,0.4498,0.5502,0.0,1.0
M0159,2025-12-27,HellsReaper,PerseusDark,4,2,981.08,987.73,993.24,973.95,Xtreme,Xtreme,exhibition,,,,32.9125,32.0877,33.2761,37.6941,0.4904,0.5096,0.8559,0.1441
M0160,2025-12-27,LeonCrest,WhaleWave,4,3,988.48,1013.13,1001.02,998.95,Xtreme,Xtreme,exhibition,,,,32.9125,32.0877,34.0624,38.4941,0.4646,0.5354,0.8328,0.1672
M0161,2025-12-27,DranSword,CerberusFlame,5,0,1078.03,1041.81,1105.52,1025.57,Xtreme,Xtreme,exhibition,,,,32.0877,29.8468,51.082,30.1643,0.5519,0.4481,1.0901,-0.0901
M0162,2025-12-27,DranDagger,LeonClaw,0,5,1028.12,1009.71,1005.59,1030.21,Xtreme,Xtreme,exhibition,,,,29.8468,32.9125,36.5509,33.2479,0.5265,0.4735,-0.0901,1.0901
M0163,2025-12-27,FoxBrush,GolemRock,0,6,1159.49,1018.0,1126.64,1058.83,Xtreme,Xtreme,exhibition,,,,27.3368,32.0877,39.2322,48.7727,0.6931,0.3069,-0.1441,1.1441
M0164,2025-12-27,WeissTiger,DranBrave,4,2,1055.84,1008.64,1073.25,998.36,Xtreme,Xtreme,exhibition,,,,33.7796,30.5567,60.3846,35.6537,0.5675,0.4325,0.8559,0.1441
M0165,2025-12-27,TuskMammoth,SharkEdge,5,2,1054.75,1068.27,1066.62,1048.71,Xtreme,Xtreme,exhibition,,,,27.3368,29.8468,27.6344,45.5616,0.4805,0.5195,0.9099,0.0901
M0166,2025-12-27,ViperTail,ScorpioSpear,5,0,1032.95,1064.51,1064.09,1034.63,Xtreme,Xtreme,exhibition,,,,32.0877,29.8468,49.0043,47.0356,0.4547,0.5453,1.0901,-0.0901
M0167,2025-12-27,CobaltDragoon,HellsReaper,1,5,1049.33,993.24,1021.33,1014.23,Xtreme,Xtreme,exhibition,,,,31.3031,32.0877,48.2757,36.1752,0.58,0.42,0.0,1.0
M0168,2025-12-27,DranSword,LeonClaw,6,3,1105.52,1030.21,1121.71,1018.32,Xtreme,Xtreme,exhibition,,,,31.3031,32.0877,53.3893,39.2207,0.6067,0.3933,0.9099,0.0901
M0169,2025-12-27,WeissTiger,TuskMammoth,0,4,1073.25,1066.62,1043.09,1080.88,Xtreme,Xtreme,exhibition,,,,32.9125,26.7839,59.1995,27.9915,0.5096,0.4904,0.0,1.0
M0170,2025-12-27,ViperTail,LeonCrest,0,4,1064.09,1001.02,1033.06,1021.98,Xtreme,Xtreme,exhibition,,,,31.3031,32.0877,52.6023,35.5374,0.5898,0.4102,0.0,1.0
M0171,2025-12-27,HellsReaper,GolemRock,2,4,1014.23,1058.83,1002.28,1074.75,Xtreme,Xtreme,exhibition,,,,31.3031,31.3031,40.8998,54.5067,0.4362,0.5638,0.1441,0.8559
M0172,2025-12-27,LeonCrest,DranSword,5,1,1021.98,1121.71,1047.86,1087.97,Xtreme,Xtreme,exhibition,,,,31.3031,30.5567,40.4485,52.7397,0.3603,0.6397,1.0,0.0
M0173,2025-12-27,GolemRock,TuskMammoth,3,6,1074.75,1080.88,1053.24,1094.27,Xtreme,Xtreme,exhibition,,,,30.5567,26.258,53.6195,33.3939,0.4912,0.5088,0.0901,0.9099
M0174,2025-12-27,DranSword,GolemRock,4,0,1087.97,1053.24,1107.24,1033.3,Xtreme,Xtreme,exhibition,,,,29.8468,29.8468,42.8065,44.3054,0.5498,0.4502,1.0,0.0
M0175,2025-12-27,LeonCrest,TuskMammoth,8,2,1047.86,1094.27,1079.44,1070.25,Xtreme,Xtreme,exhibition,,,,30.5567,25.7577,44.4555,33.8076,0.4336,0.5664,1.1441,-0.1441
M0176,2026-01-04,SolEclipse,CobaltDrake,5,2,1000,1000,1016.4,983.6,Xtreme,Xtreme,exhibition,,,,40.0,40.0,40.0,40.0,0.5,0.5,0.9099,0.0901
M0177,2026-01-04,SharkScale,SolEclipse,4,2,1000,1016.4,1015.18,983.54,Xtreme,Xtreme,exhibition,,,,40.0,38.8295,40.0,86.5789,0.4764,0.5236,0.8559,0.1441
M0178,2026-01-04,FoxBrush,CobaltDrake,4,3,1126.64,983.6,1130.59,971.67,Xtreme,Xtreme,exhibition,,,,26.7839,38.8295,28.6387,86.5789,0.695,0.305,0.8328,0.1672
M0179,2026-01-04,HellsChain,WeissTiger,5,0,985.28,1043.09,1014.5,1010.55,Xtreme,Xtreme,exhibition,,,,32.0877,32.0877,43.4506,48.381,0.4176,0.5824,1.0901,-0.0901
M0180,2026-01-04,HellsReaper,LeonCrest,6,1,1002.28,1079.44,1027.67,1042.54,Xtreme,Xtreme,exhibition,,,,30.5567,29.8468,36.3104,52.7644,0.3907,0.6093,1.0901,-0.0901
M0181,2026-01-04,DranBrave,DranBuster,4,3,998.36,1010.32,1009.08,995.66,Xtreme,Xtreme,exhibition,,,,29.8468,32.0877,30.6375,41.8839,0.4828,0.5172,0.8328,0.1672
M0182,2026-01-04,GolemRock,WizardRod,5,3,1033.3,999.59,1046.77,989.34,Xtreme,Xtreme,exhibition,,,,29.1715,30.5567,43.8231,33.3127,0.5484,0.4516,0.8559,0.1441
M0183,2026-01-04,SharkEdge,PerseusDark,0,4,1048.71,973.95,1026.21,993.55,Xtreme,Xtreme,exhibition,,,,29.1715,31.3031,37.1405,32.3512,0.606,0.394,0.0,1.0
M0184,2026-01-04,SharkScale,LeonClaw,5,0,1015.18,1018.32,1064.55,997.91,Xtreme,Xtreme,exhibition,,,,38.8295,31.3031,83.0356,34.325,0.4955,0.5045,1.0901,-0.0901
M0185,2026-01-04,TuskMammoth,SamuraiSaber,4,2,1070.25,831.29,1071.75,827.13,Xtreme,Xtreme,exhibition,,,,25.2818,33.7796,25.9209,72.0298,0.7983,0.2017,0.8559,0.1441
M0186,2026-01-04,CerberusFlame,RhinoReaper,4,0,1025.57,1033.68,1044.39,1015.13,Xtreme,Xtreme,exhibition,,,,29.1715,29.8468,36.7768,36.254,0.4883,0.5117,1.0,0.0
M0187,2026-01-04,CobaltDragoon,KnightMail,4,0,1021.33,1013.33,1040.95,996.03,Xtreme,Xtreme,exhibition,,,,30.5567,29.1715,40.1508,35.4214,0.5115,0.4885,1.0,0.0
M0188,2026-01-04,DranSword,ImpactDrake,0,5,1107.24,1141.95,1084.2,1160.64,Xtreme,Xtreme,exhibition,,,,29.1715,26.7839,42.6513,34.5992,0.4502,0.5498,-0.0901,1.0901
M0189,2026-01-04,WhaleWave,TyrannoBeat,5,0,998.95,934.53,1019.24,910.28,Xtreme,Xtreme,exhibition,,,,31.3031,32.9125,40.7006,48.6529,0.5917,0.4083,1.0901,-0.0901
M0190,2026-01-04,WizardArc,ViperTail,3,5,922.73,1033.06,911.22,1041.93,Xtreme,Xtreme,exhibition,,,,33.7796,30.5567,56.9057,43.8625,0.3463,0.6537,0.1441,0.8559
M0191,2026-01-04,BlackShell,SolEclipse,0,6,960.82,983.54,928.95,1007.65,Xtreme,Xtreme,exhibition,,,,32.0877,37.7161,52.1171,39.4369,0.4673,0.5327,-0.1441,1.1441
M0192,2026-01-04,UnicornSting,WhaleFlame,4,2,991.85,957.05,1001.56,938.91,Xtreme,Xtreme,exhibition,,,,30.5567,35.6495,31.7545,59.2926,0.5499,0.4501,0.8559,0.1441
M0193,2026-01-04,CrimsonGaruda,WizardArrow,4,0,956.45,864.12,974.09,836.5,Xtreme,Xtreme,exhibition,,,,32.9125,34.6912,47.6576,74.615,0.6298,0.3702,1.0,0.0
M0194,2026-01-04,FoxBrush,HellsChain,0,4,1130.59,1014.5,1113.11,1037.07,Xtreme,Xtreme,exhibition,,,,26.258,31.3031,26.4442,34.1391,0.6611,0.3389,0.0,1.0
M0195,2026-01-04,HellsReaper,DranBrave,0,4,1027.67,1009.08,1004.02,1027.3,Xtreme,Xtreme,exhibition,,,,29.8468,29.1715,44.9156,34.5882,0.5267,0.4733,0.0,1.0
M0196,2026-01-04,GolemRock,PerseusDark,4,0,1046.77,993.55,1064.69,977.85,Xtreme,Xtreme,exhibition,,,,28.5291,30.5567,42.2453,37.0325,0.576,0.424,1.0,0.0
M0197,2026-01-04,SharkScale,TuskMammoth,2,5,1064.55,1071.75,1027.46,1081.99,Xtreme,Xtreme,exhibition,,,,37.7161,24.8291,92.8247,25.6484,0.4897,0.5103,0.0901,0.9099
M0198,2026-01-04,CerberusFlame,CobaltDragoon,4,2,1044.39,1040.95,1056.98,1027.5,Xtreme,Xtreme,exhibition,,,,28.5291,29.8468,35.8841,38.3082,0.505,0.495,0.8559,0.1441
M0199,2026-01-04,ImpactDrake,WhaleWave,4,1,1160.64,1019.24,1167.23,1011.81,Xtreme,Xtreme,exhibition,,,,26.258,30.5567,30.378,34.2437,0.693,0.307,0.9099,0.0901
M0200,2026-01-04,ViperTail,SolEclipse,2,5,1041.93,1007.65,1022.9,1035.28,Xtreme,Xtreme,exhibition,,,,29.8468,36.657,41.4676,60.1853,0.5492,0.4508,0.0901,0.9099
M0201,2026-01-04,UnicornSting,CrimsonGaruda,0,4,1001.56,974.09,983.89,995.78,Xtreme,Xtreme,exhibition,,,,29.8468,32.0877,32.7538,40.2121,0.5395,0.4605,0.0,1.0
M0202,2026-01-04,HellsChain,DranBrave,1,4,1037.07,1027.3,1022.6,1045.39,Xtreme,Xtreme,exhibition,,,,30.5567,28.5291,34.1257,42.6661,0.5141,0.4859,0.0901,0.9099
M0203,2026-01-04,GolemRock,TuskMammoth,4,0,1064.69,1081.99,1089.86,1068.82,Xtreme,Xtreme,exhibition,,,,27.918,24.3985,47.96,25.0928,0.4751,0.5249,1.0,0.0
M0204,2026-01-04,CerberusFlame,ImpactDrake,4,2,1056.98,1167.23,1071.98,1153.02,Xtreme,Xtreme,exhibition,,,,27.918,25.7577,29.4324,27.8997,0.3465,0.6535,0.8559,0.1441
M0205,2026-01-04,SolEclipse,CrimsonGaruda,3,4,1035.28,995.78,1009.94,1008.52,Xtreme,Xtreme,exhibition,,,,35.6495,31.3031,65.0853,32.7193,0.5566,0.4434,0.1672,0.8328
M0206,2026-01-04,HellsChain,TuskMammoth,3,4,1022.6,1068.82,1013.87,1075.45,Xtreme,Xtreme,exhibition,,,,29.8468,23.9889,32.7235,24.8361,0.4339,0.5661,0.1672,0.8328
M0207,2026-01-04,ImpactDrake,SolEclipse,6,3,1153.02,1009.94,1159.37,999.3,Xtreme,Xtreme,exhibition,,,,25.2818,34.6912,29.5751,49.5013,0.695,0.305,0.9099,0.0901
M0208,2026-01-04,TuskMammoth,ImpactDrake,5,3,1075.45,1159.37,1088.66,1146.92,Xtreme,Xtreme,exhibition,,,,23.5993,24.8291,27.8593,26.2602,0.3815,0.6185,0.8559,0.1441
M0209,2026-01-04,DranBrave,GolemRock,0,4,1045.39,1089.86,1024.4,1110.55,Xtreme,Xtreme,exhibition,,,,27.918,27.3368,48.0943,47.4261,0.4363,0.5637,0.0,1.0
M0210,2026-01-04,CerberusFlame,CrimsonGaruda,0,4,1071.98,1008.52,1055.55,1027.93,Xtreme,Xtreme,exhibition,,,,27.3368,30.5567,27.8278,32.8823,0.5903,0.4097,0.0,1.0
M0211,2026-01-04,DranBrave,CerberusFlame,5,1,1024.4,1055.55,1050.0,1036.72,Xtreme,Xtreme,exhibition,,,,27.3368,26.7839,46.9844,34.5676,0.4553,0.5447,1.0,0.0
M0212,2026-01-04,GolemRock,CrimsonGaruda,7,0,1110.55,1027.93,1139.59,1004.88,Xtreme,Xtreme,exhibition,,,,26.7839,29.8468,52.7377,41.8811,0.6167,0.3833,1.1672,-0.1672
M0213,2026-01-04,SharkScale,SharkEdge,4,0,1027.46,1026.21,1056.22,1009.13,Xtreme,Xtreme,exhibition,,,,36.657,28.5291,57.7178,34.2787,0.5018,0.4982,1.0,0.0
M0214,2026-01-04,CobaltDrake,CobaltDragoon,2,4,971.67,1027.5,952.69,1037.89,Xtreme,Xtreme,exhibition,,,,37.7161,29.1715,68.7048,37.6144,0.4203,0.5797,0.1441,0.8559
M0215,2026-01-04,SharkScale,CobaltDragoon,3,5,1056.22,1037.89,1031.63,1051.68,Xtreme,Xtreme,exhibition,,,,35.6495,28.5291,64.3312,36.0792,0.5263,0.4737,0.1441,0.8559
M0216,2026-01-04,PhoenixWing,CobaltDrake,5,0,997.13,952.69,1015.56,917.49,Xtreme,Xtreme,exhibition,,,,29.1715,36.657,35.0137,66.8624,0.5636,0.4364,1.0901,-0.0901
M0217,2026-01-04,CobaltDrake,PegasusBlast,4,3,917.49,879.0,937.41,857.18,Xtreme,Xtreme,exhibition,,,,35.6495,35.6495,71.7577,78.6145,0.5552,0.4448,0.8328,0.1672
M0218,2026-01-04,PegasusBlast,SamuraiSaber,4,2,857.18,827.13,880.3,806.59,Xtreme,Xtreme,exhibition,,,,34.6912,32.9125,73.9184,65.6696,0.5431,0.4569,0.8559,0.1441
M0219,2026-01-04,GolemRock,PhoenixWing,0,5,1139.59,1015.56,1100.31,1039.4,Xtreme,Xtreme,exhibition,,,,26.258,28.5291,51.5806,31.3037,0.6713,0.3287,-0.0901,1.0901
M0220,2026-01-04,GolemRock,DranBuster,5,3,1100.31,995.66,1108.57,986.55,Xtreme,Xtreme,exhibition,,,,25.7577,31.3031,39.3567,43.45,0.6462,0.3538,0.8559,0.1441
M0221,2026-01-04,GolemRock,DranSword,5,0,1108.57,1084.2,1127.37,1065.69,Xtreme,Xtreme,exhibition,,,,25.2818,28.5291,33.8706,33.3486,0.535,0.465,1.0901,-0.0901
M0222,2026-01-04,SolEclipse,ScorpioSpear,0,5,999.3,1034.63,976.55,1054.75,Xtreme,Xtreme,exhibition,,,,33.7796,29.1715,42.1675,37.296,0.4493,0.5507,-0.0901,1.0901
M0223,2026-01-04,SilverWolf,SolEclipse,2,4,986.69,976.55,972.37,988.97,Xtreme,Xtreme,exhibition,,,,32.0877,32.9125,38.6432,33.5163,0.5146,0.4854,0.1441,0.8559
M0224,2026-01-04,DranSword,TyrannoBeat,4,2,1065.69,910.28,1070.17,902.76,Xtreme,Xtreme,exhibition,,,,27.918,32.0877,30.7221,51.513,0.7098,0.2902,0.8559,0.1441
M0225,2026-01-30,DranDagger,ValkyrieVolt,0,5,1000,1000,976.4,1023.6,Drop Attack,Drop Attack,exhibition,,,,40.0,40.0,40.0,40.0,0.5,0.5,-0.0901,1.0901
M0226,2026-01-30,DranBrave,PegasusBlast,2,4,1000,1000,985.76,1014.24,Drop Attack,Drop Attack,exhibition,,,,40.0,40.0,40.0,40.0,0.5,0.5,0.1441,0.8559
M0227,2026-01-30,ImpactDrake,TuskMammoth,0,4,1000,1000,980.0,1020.0,Drop Attack,Drop Attack,exhibition,,,,40.0,40.0,40.0,40.0,0.5,0.5,0.0,1.0
M0228,2026-01-30,DranSword,SamuraiSaber,0,5,1000,1000,976.4,1023.6,Drop Attack,Drop Attack,exhibition,,,,40.0,40.0,40.0,40.0,0.5,0.5,-0.0901,1.0901
M0229,2026-01-30,PhoenixWing,CobaltDragoon,4,1,1000,1000,1016.4,983.6,Drop Attack,Drop Attack,exhibition,,,,40.0,40.0,40.0,40.0,0.5,0.5,0.9099,0.0901
M0230,2026-01-30,CobaltDrake,DranBuster,5,0,1000,1000,1023.6,976.4,Drop Attack,Drop Attack,exhibition,,,,40.0,40.0,40.0,40.0,0.5,0.5,1.0901,-0.0901
M0231,2026-01-30,TyrannoBeat,FoxBrush,4,0,1000,1000,1020.0,980.0,Drop Attack,Drop Attack,exhibition,,,,40.0,40.0,40.0,40.0,0.5,0.5,1.0,0.0
M0232,2026-01-30,SharkEdge,SharkScale,0,4,1000,1000,980.0,1020.0,Drop Attack,Drop Attack,exhibition,,,,40.0,40.0,40.0,40.0,0.5,0.5,0.0,1.0
M0233,2026-01-30,ValkyrieVolt,PegasusBlast,4,0,1023.6,1014.24,1075.94,975.17,Drop Attack,Drop Attack,exhibition,,,,38.8295,38.8295,107.5686,80.289,0.5135,0.4865,1.0,0.0
M0234,2026-01-30,TuskMammoth,SamuraiSaber,0,4,1020.0,1023.6,971.97,1076.83,Drop Attack,Drop Attack,exhibition,,,,38.8295,38.8295,97.0738,107.5686,0.4948,0.5052,0.0,1.0
M0235,2026-01-30,PhoenixWing,CobaltDrake,4,1,1016.4,1023.6,1052.78,978.4,Drop Attack,Drop Attack,exhibition,,,,38.8295,38.8295,86.5789,107.5686,0.4896,0.5104,0.9099,0.0901
M0236,2026-01-30,TyrannoBeat,SharkScale,0,5,1020.0,1020.0,962.72,1077.28,Drop Attack,Drop Attack,exhibition,,,,38.8295,38.8295,97.0738,97.0738,0.5,0.5,-0.0901,1.0901
M0237,2026-01-30,ValkyrieVolt,SamuraiSaber,5,0,1075.94,1076.83,1134.26,1018.23,Drop Attack,Drop Attack,exhibition,,,,37.7161,37.7161,98.6247,99.0938,0.4987,0.5013,1.0901,-0.0901
M0238,2026-01-30,PhoenixWing,SharkScale,0,4,1052.78,1077.28,1013.42,1123.48,Drop Attack,Drop Attack,exhibition,,,,37.7161,37.7161,84.683,99.3872,0.4648,0.5352,0.0,1.0
M0239,2026-01-30,SamuraiSaber,PhoenixWing,4,0,1018.23,1013.42,1045.22,988.74,Drop Attack,Drop Attack,exhibition,,,,36.657,36.657,54.7483,50.0508,0.5069,0.4931,1.0,0.0
M0240,2026-01-30,ValkyrieVolt,SharkScale,8,4,1134.26,1123.48,1181.65,1078.1,Drop Attack,Drop Attack,exhibition,,,,36.657,36.657,97.8006,93.6548,0.5155,0.4845,1.0,0.0
M0241,2026-01-30,WeissTiger,TuskMammoth,0,5,1000,971.97,974.79,995.93,Drop Attack,Drop Attack,exhibition,,,,40.0,37.7161,40.0,38.0095,0.5403,0.4597,-0.0901,1.0901
M0242,2026-01-30,DranSword,DranDagger,2,5,976.4,976.4,932.3,1020.49,Drop Attack,Drop Attack,exhibition,,,,38.8295,38.8295,107.5686,107.5686,0.5,0.5,0.0901,0.9099
M0243,2026-01-30,SolEclipse,ScorpioSpear,0,5,1000,1000,976.4,1023.6,Drop Attack,Drop Attack,exhibition,,,,40.0,40.0,40.0,40.0,0.5,0.5,-0.0901,1.0901
M0244,2026-01-30,WizardArrow,CrimsonGaruda,0,4,1000,1000,980.0,1020.0,Drop Attack,Drop Attack,exhibition,,,,40.0,40.0,40.0,40.0,0.5,0.5,0.0,1.0
M0245,2026-01-30,TyrannoBeat,PerseusDark,0,4,962.72,1000,943.6,1017.86,Drop Attack,Drop Attack,exhibition,,,,37.7161,40.0,42.8131,40.0,0.4466,0.5534,0.0,1.0
M0246,2026-01-30,LeonClaw,WhaleWave,0,4,1000,1000,980.0,1020.0,Drop Attack,Drop Attack,exhibition,,,,40.0,40.0,40.0,40.0,0.5,0.5,0.0,1.0
M0247,2026-01-30,WizardArc,GolemRock,5,0,1000,1000,1023.6,976.4,Drop Attack,Drop Attack,exhibition,,,,40.0,40.0,40.0,40.0,0.5,0.5,1.0901,-0.0901
M0248,2026-01-30,LeonCrest,HellsChain,0,4,1000,1000,980.0,1020.0,Drop Attack,Drop Attack,exhibition,,,,40.0,40.0,40.0,40.0,0.5,0.5,0.0,1.0
M0249,2026-01-30,TuskMammoth,DranDagger,3,5,995.93,1020.49,976.7,1035.85,Drop Attack,Drop Attack,exhibition,,,,36.657,37.7161,59.9538,47.91,0.4647,0.5353,0.1441,0.8559
M0250,2026-01-30,ScorpioSpear,CrimsonGaruda,5,2,1023.6,1020.0,1067.14,980.71,Drop Attack,Drop Attack,exhibition,,,,38.8295,38.8295,107.5686,97.0738,0.5052,0.4948,0.9099,0.0901
M0251,2026-01-30,PerseusDark,WhaleWave,3,4,1017.86,1020.0,987.91,1052.01,Drop Attack,Drop Attack,exhibition,,,,38.8295,38.8295,90.8476,97.0738,0.4969,0.5031,0.1672,0.8328
M0252,2026-01-30,WizardArc,HellsChain,4,0,1023.6,1020.0,1076.83,971.97,Drop Attack,Drop Attack,exhibition,,,,38.8295,38.8295,107.5686,97.0738,0.5052,0.4948,1.0,0.0
M0253,2026-01-30,DranDagger,ScorpioSpear,2,4,1035.85,1067.14,1022.85,1096.37,Drop Attack,Drop Attack,exhibition,,,,36.657,37.7161,41.8048,93.9969,0.4551,0.5449,0.1441,0.8559
M0254,2026-01-30,WhaleWave,WizardArc,5,3,1052.01,1076.83,1085.16,1038.03,Drop Attack,Drop Attack,exhibition,,,,37.7161,37.7161,84.6573,99.0938,0.4643,0.5357,0.8559,0.1441
M0255,2026-01-30,DranDagger,WizardArc,2,4,1022.85,1038.03,1009.42,1058.77,Drop Attack,Drop Attack,exhibition,,,,35.6495,36.657,40.2101,62.0726,0.4782,0.5218,0.1441,0.8559
M0256,2026-01-30,ScorpioSpear,WhaleWave,7,2,1096.37,1085.16,1144.89,1038.42,Drop Attack,Drop Attack,exhibition,,,,36.657,36.657,84.5243,81.4262,0.5161,0.4839,1.0901,-0.0901
M0257,2026-01-30,HellsChain,CrimsonGaruda,4,2,1013.87,1004.88,1025.03,991.25,Xtreme,Xtreme,season,S1,3,1,29.1715,29.1715,32.5356,39.7486,0.5129,0.4871,0.8559,0.1441
M0258,2026-01-30,SharkEdge,WizardRod,4,3,1009.13,989.34,1018.74,977.69,Xtreme,Xtreme,season,S1,3,1,27.918,29.8468,31.5932,38.2725,0.5284,0.4716,0.8328,0.1672
M0259,2026-01-30,WhaleWave,SilverWolf,3,4,1011.81,972.37,1000.09,988.27,Xtreme,Xtreme,season,S1,3,1,29.8468,31.3031,30.1069,40.8536,0.5565,0.4435,0.1672,0.8328
M0260,2026-01-30,RhinoReaper,UnicornSting,2,4,1015.13,983.89,1002.96,1000.05,Xtreme,Xtreme,season,S1,3,1,29.1715,29.1715,30.3838,40.321,0.5448,0.4552,0.1441,0.8559
M0261,2026-01-30,LeonClaw,ValkyrieVolt,4,2,997.91,1000,1009.88,985.64,Xtreme,Xtreme,season,S1,3,1,30.5567,40.0,33.3526,40.0,0.497,0.503,0.8559,0.1441
M0262,2026-01-30,DranBrave,HellsReaper,3,4,1050.0,1004.02,1032.48,1020.92,Xtreme,Xtreme,season,S1,2,1,26.7839,29.1715,43.9558,42.4044,0.5658,0.4342,0.1672,0.8328
M0263,2026-01-30,PhoenixWing,KnightMail,0,4,1039.4,996.03,1016.53,1016.59,Xtreme,Xtreme,season,S1,2,1,27.918,28.5291,40.6869,36.5875,0.5621,0.4379,0.0,1.0
M0264,2026-01-30,DranDagger,PerseusDark,3,5,1005.59,977.85,992.16,990.75,Xtreme,Xtreme,season,S1,2,1,29.1715,29.8468,33.9153,32.6018,0.5398,0.4602,0.1441,0.8559
M0265,2026-01-30,SharkScale,SolEclipse,6,2,1031.63,988.97,1053.16,973.16,Xtreme,Xtreme,season,S1,2,1,34.6912,32.0877,49.0631,36.0306,0.5611,0.4389,1.0,0.0
M0266,2026-01-30,WyvernHover,WeissTiger,4,2,1000,1010.55,1014.84,996.29,Xtreme,Xtreme,season,S1,2,1,40.0,31.3031,40.0,38.4144,0.4848,0.5152,0.8559,0.1441
M0267,2026-01-30,DranSword,CobaltDragoon,1,4,1070.17,1051.68,1054.7,1066.41,Xtreme,Xtreme,season,S1,1,1,27.3368,27.918,35.4469,33.7467,0.5266,0.4734,0.0901,0.9099
M0268,2026-01-30,FoxBrush,LeonCrest,0,4,1113.11,1042.54,1093.26,1071.81,Xtreme,Xtreme,season,S1,1,1,25.7577,29.1715,33.0666,48.7684,0.6002,0.3998,0.0,1.0
M0269,2026-01-30,TuskMammoth,ScorpioSpear,4,0,1088.66,1054.75,1104.29,1037.8,Xtreme,Xtreme,season,S1,1,1,23.2287,28.5291,34.6319,37.5342,0.5487,0.4513,1.0,0.0
M0270,2026-01-30,GolemRock,CerberusFlame,4,3,1127.37,1036.72,1134.6,1028.41,Xtreme,Xtreme,season,S1,1,1,24.8291,26.258,35.2232,40.4849,0.6276,0.3724,0.8328,0.1672
M0271,2026-01-30,ViperTail,ImpactDrake,0,4,1022.9,1146.92,1009.72,1156.12,Xtreme,Xtreme,season,S1,1,1,29.1715,24.3985,40.099,27.9798,0.3287,0.6713,0.0,1.0
M0272,2026-02-11,ValkyrieVolt,SharkEdge,4,0,985.64,1018.74,1029.79,1001.84,Xtreme,Xtreme,season,S1,3,2,38.8295,27.3368,80.6401,30.8696,0.4525,0.5475,1.0,0.0
M0273,2026-02-11,UnicornSting,HellsChain,0,4,1000.05,1025.03,985.08,1039.6,Xtreme,Xtreme,season,S1,3,2,28.5291,28.5291,32.2642,31.3894,0.4641,0.5359,0.0,1.0
M0274,2026-02-11,SilverWolf,RhinoReaper,2,4,988.27,1002.96,976.43,1015.1,Xtreme,Xtreme,season,S1,3,2,30.5567,28.5291,35.3783,36.2869,0.4789,0.5211,0.1441,0.8559
M0275,2026-02-11,WizardRod,WhaleWave,4,2,977.69,1000.09,994.5,986.02,Xtreme,Xtreme,season,S1,3,2,29.1715,29.1715,43.3144,36.2444,0.4678,0.5322,0.8559,0.1441
M0276,2026-02-11,CrimsonGaruda,LeonClaw,2,5,991.25,1009.88,979.21,1023.21,Xtreme,Xtreme,season,S1,3,2,28.5291,29.8468,31.4075,34.8067,0.4732,0.5268,0.0901,0.9099
M0277,2026-02-11,WeissTiger,PhoenixWing,4,0,996.29,1016.53,1013.97,999.78,Xtreme,Xtreme,season,S1,2,2,30.5567,27.3368,33.4026,31.6607,0.4709,0.5291,1.0,0.0
M0278,2026-02-11,SolEclipse,DranBrave,0,4,973.16,1032.48,959.67,1049.71,Xtreme,Xtreme,season,S1,2,2,31.3031,26.258,32.4638,41.4865,0.4155,0.5845,0.0,1.0
M0279,2026-02-11,PerseusDark,SharkScale,2,5,990.75,1053.16,980.1,1070.13,Xtreme,Xtreme,season,S1,2,2,29.1715,33.7796,33.1864,52.8548,0.4111,0.5889,0.0901,0.9099
M0280,2026-02-11,KnightMail,DranDagger,6,2,1016.59,992.16,1032.55,976.77,Xtreme,Xtreme,season,S1,2,2,27.918,28.5291,34.3237,33.1123,0.5351,0.4649,1.0,0.0
M0281,2026-02-11,HellsReaper,WyvernHover,1,4,1020.92,1014.84,1000.79,1049.2,Xtreme,Xtreme,season,S1,2,2,28.5291,38.8295,48.0724,82.0569,0.5087,0.4913,0.0901,0.9099
M0282,2026-02-11,ImpactDrake,FoxBrush,6,0,1156.12,1093.26,1171.54,1071.36,Xtreme,Xtreme,season,S1,1,2,23.9889,25.2818,27.8187,39.4925,0.5895,0.4105,1.1441,-0.1441
M0283,2026-02-11,CerberusFlame,DranSword,1,4,1028.41,1054.7,1014.42,1065.32,Xtreme,Xtreme,season,S1,1,2,25.7577,26.7839,37.5943,28.5449,0.4622,0.5378,0.0901,0.9099
M0284,2026-02-11,ScorpioSpear,GolemRock,4,0,1037.8,1134.6,1062.03,1109.77,Xtreme,Xtreme,season,S1,1,2,27.918,24.3985,38.1087,39.0503,0.3642,0.6358,1.0,0.0
M0285,2026-02-11,LeonCrest,TuskMammoth,0,4,1071.81,1104.29,1046.16,1120.12,Xtreme,Xtreme,season,S1,1,2,28.5291,22.8761,56.5765,34.915,0.4534,0.5466,0.0,1.0
M0286,2026-02-11,CobaltDragoon,ViperTail,6,2,1066.41,1009.72,1083.05,996.27,Xtreme,Xtreme,season,S1,1,2,27.3368,28.5291,39.6834,32.071,0.5809,0.4191,1.0,0.0
M0287,2026-02-11,DranSword,ScorpioSpear,0,5,1065.32,1062.03,1049.48,1088.64,Xtreme,Xtreme,season,S1,1,3,26.258,27.3368,26.6362,44.7337,0.5047,0.4953,-0.0901,1.0901
M0288,2026-02-11,TuskMammoth,ImpactDrake,5,2,1120.12,1171.54,1136.83,1159.14,Xtreme,Xtreme,season,S1,1,3,22.5408,23.5993,34.5656,25.6515,0.4265,0.5735,0.9099,0.0901
M0289,2026-02-11,GolemRock,LeonCrest,0,5,1109.77,1046.16,1084.55,1078.41,Xtreme,Xtreme,season,S1,1,3,23.9889,27.918,37.059,47.3791,0.5905,0.4095,-0.0901,1.0901
M0290,2026-02-11,ViperTail,FoxBrush,2,4,996.27,1071.36,988.34,1082.79,Xtreme,Xtreme,season,S1,1,3,27.918,24.8291,31.7861,45.7958,0.3936,0.6064,0.1441,0.8559
M0291,2026-02-11,CobaltDragoon,CerberusFlame,4,0,1083.05,1014.42,1098.81,1000.25,Xtreme,Xtreme,season,S1,1,3,26.7839,25.2818,39.16,35.2002,0.5975,0.4025,1.0,0.0
M0292,2026-02-11,DranBrave,PerseusDark,0,4,1049.71,980.1,1025.27,1000.79,Xtreme,Xtreme,season,S1,2,3,25.7577,28.5291,40.8071,34.558,0.5989,0.4011,0.0,1.0
M0293,2026-02-11,DranDagger,WeissTiger,2,5,976.77,1013.97,962.67,1025.69,Xtreme,Xtreme,season,S1,2,3,27.918,29.8468,39.5453,32.887,0.4467,0.5533,0.0901,0.9099
M0294,2026-02-11,SharkScale,KnightMail,4,0,1070.13,1032.55,1093.94,1019.86,Xtreme,Xtreme,season,S1,2,3,32.9125,27.3368,53.3714,28.4577,0.5539,0.4461,1.0,0.0
M0295,2026-02-11,WyvernHover,PhoenixWing,4,0,1049.2,999.78,1084.57,987.22,Xtreme,Xtreme,season,S1,2,3,37.7161,26.7839,82.3946,29.2347,0.5706,0.4294,1.0,0.0
M0296,2026-02-11,HellsReaper,SolEclipse,4,0,1000.79,959.67,1021.19,944.06,Xtreme,Xtreme,season,S1,2,3,27.918,30.5567,46.2452,35.385,0.5589,0.4411,1.0,0.0
M0297,2026-02-11,HellsChain,SilverWolf,2,5,1039.6,976.43,1020.87,993.71,Xtreme,Xtreme,season,S1,3,3,27.918,29.8468,37.4776,34.5742,0.5899,0.4101,0.0901,0.9099
M0298,2026-02-11,WhaleWave,ValkyrieVolt,0,4,986.02,1029.79,970.62,1050.95,Xtreme,Xtreme,season,S1,3,3,28.5291,37.7161,35.2104,48.3842,0.4373,0.5627,0.0,1.0
M0299,2026-02-11,RhinoReaper,WizardRod,5,1,1015.1,994.5,1032.48,974.71,Xtreme,Xtreme,season,S1,3,3,27.918,28.5291,36.9443,42.0795,0.5296,0.4704,1.0,0.0
M0300,2026-02-11,LeonClaw,SharkEdge,4,3,1023.21,1001.84,1034.74,993.04,Xtreme,Xtreme,season,S1,3,3,29.1715,26.7839,38.1658,29.1568,0.5307,0.4693,0.8328,0.1672
M0301,2026-02-11,CrimsonGaruda,UnicornSting,0,4,979.21,985.08,964.66,1004.33,Xtreme,Xtreme,season,S1,3,3,27.918,27.918,29.5946,39.1606,0.4916,0.5084,0.0,1.0
M0302,2026-02-11,EmperorMight,WolfHunt,0,4,1000,1000,980.0,1020.0,Xtreme,Xtreme,exhibition,,,,40.0,40.0,40.0,40.0,0.5,0.5,0.0,1.0
M0303,2026-02-11,TuskMammoth,EmperorMight,4,0,1136.83,980.0,1146.61,952.0,Xtreme,Xtreme,exhibition,,,,22.2218,38.8295,33.9019,97.0738,0.7115,0.2885,1.0,0.0
M0304,2026-02-11,TuskMammoth,WolfHunt,4,0,1146.61,1020.0,1157.25,988.41,Xtreme,Xtreme,exhibition,,,,21.9183,38.8295,32.6985,97.0738,0.6745,0.3255,1.0,0.0
M0305,2026-02-11,TuskMammoth,WyvernHover,4,0,1157.25,1084.57,1172.73,1052.29,Xtreme,Xtreme,exhibition,,,,21.6297,36.657,38.9901,81.3451,0.6031,0.3969,1.0,0.0
M0306,2026-02-11,TuskMammoth,ValkyrieVolt,0,5,1172.73,1050.95,1141.88,1096.16,Xtreme,Xtreme,exhibition,,,,21.3551,36.657,40.6688,59.6009,0.6684,0.3316,-0.0901,1.0901
M0307,2026-02-11,SharkScale,CerberusFlame,4,1,1093.94,1000.25,1109.22,991.24,Xtreme,Xtreme,exhibition,,,,32.0877,24.8291,54.9088,32.4034,0.6317,0.3683,0.9099,0.0901
M0308,2026-02-11,SolEclipse,SharkEdge,5,0,944.06,993.04,971.91,970.1,Xtreme,Xtreme,exhibition,,,,29.8468,26.258,42.1827,34.7412,0.43,0.57,1.0901,-0.0901
M0309,2026-02-11,EmperorMight,WolfHunt,4,2,1000,1000,1014.24,985.76,Drop Attack,Drop Attack,exhibition,,,,40.0,40.0,40.0,40.0,0.5,0.5,0.8559,0.1441
M0310,2026-02-11,PhoenixWing,CobaltDragoon,2,4,988.74,983.6,974.55,1015.06,Drop Attack,Drop Attack,exhibition,,,,35.6495,38.8295,39.0639,86.5789,0.5074,0.4926,0.1441,0.8559
M0311,2026-02-11,ImpactDrake,CobaltDrake,5,2,980.0,978.4,1019.57,959.11,Drop Attack,Drop Attack,exhibition,,,,38.8295,37.7161,97.0738,47.3233,0.5023,0.4977,0.9099,0.0901
M0312,2026-02-13,WizardArc,LeonClaw,4,0,1058.77,980.0,1083.29,942.28,Drop Attack,Drop Attack,exhibition,,,,35.6495,38.8295,63.1197,97.0738,0.6114,0.3886,1.0,0.0
M0313,2026-02-13,SamuraiSaber,CobaltDrake,2,6,1045.22,959.11,1006.68,987.3,Drop Attack,Drop Attack,exhibition,,,,35.6495,36.657,62.0288,45.3733,0.6215,0.3785,0.0,1.0
M0314,2026-02-13,PhoenixWing,ValkyrieVolt,0,5,974.55,1181.65,960.05,1211.75,Drop Attack,Drop Attack,exhibition,,,,34.6912,35.6495,44.9114,93.2007,0.2329,0.7671,-0.0901,1.0901
M0315,2026-02-13,TuskMammoth,LeonCrest,0,4,976.7,980.0,954.88,1028.08,Drop Attack,Drop Attack,exhibition,,,,35.6495,38.8295,44.0695,97.0738,0.4953,0.5047,0.0,1.0
M0316,2026-02-13,WizardArc,CobaltDrake,4,2,1083.29,987.3,1097.48,977.15,Drop Attack,Drop Attack,exhibition,,,,34.6912,35.6495,64.1642,45.9079,0.6347,0.3653,0.8559,0.1441
M0317,2026-02-13,ValkyrieVolt,LeonCrest,5,2,1211.75,1028.08,1226.21,1021.71,Drop Attack,Drop Attack,exhibition,,,,34.6912,37.7161,86.217,37.9845,0.7422,0.2578,0.9099,0.0901
M0318,2026-02-13,CobaltDrake,LeonCrest,4,1,977.15,1021.71,995.18,1001.35,Drop Attack,Drop Attack,exhibition,,,,34.6912,36.657,38.0734,42.9795,0.4362,0.5638,0.9099,0.0901
M0319,2026-02-13,WizardArc,ValkyrieVolt,3,8,1097.48,1226.21,1072.12,1258.59,Drop Attack,Drop Attack,exhibition,,,,33.7796,33.7796,61.4308,78.4225,0.3228,0.6772,-0.0901,1.0901
M0320,2026-02-13,WizardRod,HellsChain,0,4,974.71,1020.87,956.41,1033.86,Xtreme,Xtreme,season,S1,3,4,27.918,27.3368,42.1665,29.9458,0.434,0.566,0.0,1.0
M0321,2026-02-13,SilverWolf,CrimsonGaruda,0,4,993.71,964.66,975.65,980.44,Xtreme,Xtreme,season,S1,3,4,29.1715,27.3368,33.3509,29.1261,0.5417,0.4583,0.0,1.0
M0322,2026-02-13,UnicornSting,LeonClaw,0,4,1004.33,1034.74,991.22,1051.09,Xtreme,Xtreme,season,S1,3,4,27.3368,28.5291,28.7223,35.8183,0.4563,0.5437,0.0,1.0
M0323,2026-02-13,ValkyrieVolt,RhinoReaper,5,3,1096.16,1032.48,1115.44,1022.72,Xtreme,Xtreme,season,S1,3,4,35.6495,27.3368,72.6647,36.8003,0.5906,0.4094,0.8559,0.1441
M0324,2026-02-13,SharkEdge,WhaleWave,4,1,970.1,970.62,987.49,953.79,Xtreme,Xtreme,season,S1,3,4,25.7577,27.918,42.3468,40.9925,0.4993,0.5007,0.9099,0.0901
M0325,2026-02-13,KnightMail,DranBrave,2,4,1019.86,1025.27,1010.28,1036.62,Xtreme,Xtreme,season,S1,2,4,26.7839,25.2818,27.4978,32.6052,0.4922,0.5078,0.1441,0.8559
M0326,2026-02-13,PerseusDark,HellsReaper,4,0,1000.79,1021.19,1022.83,997.23,Xtreme,Xtreme,season,S1,2,4,27.918,27.3368,41.6294,45.269,0.4707,0.5293,1.0,0.0
M0327,2026-02-13,SolEclipse,WyvernHover,4,1,971.91,1052.29,988.73,1022.11,Xtreme,Xtreme,season,S1,2,4,29.1715,35.6495,32.1303,57.6324,0.3863,0.6137,0.9099,0.0901
M0328,2026-02-13,WeissTiger,SharkScale,4,3,1025.69,1109.22,1042.93,1084.88,Xtreme,Xtreme,season,S1,2,4,29.1715,31.3031,38.2485,53.9959,0.3821,0.6179,0.8328,0.1672
M0329,2026-02-13,PhoenixWing,DranDagger,1,4,987.22,962.67,973.57,979.36,Xtreme,Xtreme,season,S1,2,4,26.258,27.3368,30.6699,37.4958,0.5353,0.4647,0.0901,0.9099
M0330,2026-02-13,LeonCrest,DranSword,4,0,1078.41,1049.48,1103.18,1034.28,Xtreme,Xtreme,season,S1,1,4,27.3368,25.7577,54.0403,33.1502,0.5415,0.4585,1.0,0.0
M0331,2026-02-13,ScorpioSpear,CobaltDragoon,4,0,1088.64,1098.81,1112.06,1078.81,Xtreme,Xtreme,season,S1,1,4,26.7839,26.258,45.4951,38.8513,0.4854,0.5146,1.0,0.0
M0332,2026-02-13,CerberusFlame,ViperTail,4,0,991.24,988.34,1008.99,973.21,Xtreme,Xtreme,season,S1,1,4,24.3985,27.3368,35.8115,30.5246,0.5042,0.4958,1.0,0.0
M0333,2026-02-13,ImpactDrake,GolemRock,4,0,1159.14,1084.55,1171.05,1072.93,Xtreme,Xtreme,season,S1,1,4,23.2287,23.5993,30.2086,29.461,0.6057,0.3943,1.0,0.0
M0334,2026-02-13,FoxBrush,TuskMammoth,2,6,1082.79,1141.88,1063.83,1155.54,Xtreme,Xtreme,season,S1,1,4,24.3985,21.094,45.5883,32.843,0.4158,0.5842,0.0,1.0
M0335,2026-02-26,RhinoReaper,SharkEdge,3,4,1022.72,987.49,1009.27,1001.57,Xtreme,Xtreme,season,S1,3,5,26.7839,25.2818,35.0816,36.7175,0.5505,0.4495,0.1672,0.8328
M0336,2026-02-26,LeonClaw,WhaleWave,2,4,1051.09,953.79,1033.75,973.07,Xtreme,Xtreme,season,S1,3,5,27.918,27.3368,35.2166,39.1647,0.6365,0.3635,0.1441,0.8559
M0337,2026-02-26,HellsChain,ValkyrieVolt,0,5,1033.86,1115.44,1016.13,1148.21,Xtreme,Xtreme,season,S1,3,5,26.7839,34.6912,37.3534,69.0291,0.3847,0.6153,-0.0901,1.0901
M0338,2026-02-26,CrimsonGaruda,WizardRod,2,4,980.44,956.41,968.73,972.51,Xtreme,Xtreme,season,S1,3,5,26.7839,27.3368,29.9884,41.2243,0.5345,0.4655,0.1441,0.8559
M0339,2026-02-26,UnicornSting,SilverWolf,3,5,991.22,975.65,980.51,991.63,Xtreme,Xtreme,season,S1,3,5,26.7839,28.5291,28.311,42.245,0.5224,0.4776,0.1441,0.8559
M0340,2026-02-26,SharkScale,PhoenixWing,4,0,1084.88,973.57,1100.88,963.3,Xtreme,Xtreme,season,S1,2,5,30.5567,25.7577,46.3613,29.7478,0.6549,0.3451,1.0,0.0
M0341,2026-02-26,WyvernHover,DranDagger,5,2,1022.11,979.36,1036.38,966.57,Xtreme,Xtreme,season,S1,2,5,34.6912,26.7839,40.907,36.6765,0.5612,0.4388,0.9099,0.0901
M0342,2026-02-26,DranBrave,WeissTiger,4,3,1036.62,1042.93,1047.37,1028.59,Xtreme,Xtreme,season,S1,2,5,24.8291,28.5291,31.4344,41.967,0.4909,0.5091,0.8328,0.1672
M0343,2026-02-26,HellsReaper,KnightMail,3,4,997.23,1010.28,985.56,1020.38,Xtreme,Xtreme,season,S1,2,5,26.7839,26.258,37.1569,32.1516,0.4812,0.5188,0.1672,0.8328
M0344,2026-02-26,SolEclipse,PerseusDark,2,5,988.73,1022.83,977.11,1037.86,Xtreme,Xtreme,season,S1,2,5,28.5291,27.3368,32.1749,41.6336,0.4511,0.5489,0.0901,0.9099
M0345,2026-02-26,GolemRock,FoxBrush,3,4,1072.93,1063.83,1064.87,1078.69,Xtreme,Xtreme,season,S1,1,5,23.2287,23.9889,23.2961,42.9583,0.5131,0.4869,0.1672,0.8328
M0346,2026-02-26,ViperTail,TuskMammoth,5,0,973.21,1155.54,1005.87,1123.68,Xtreme,Xtreme,season,S1,1,5,26.7839,20.8455,39.3141,38.3387,0.2593,0.7407,1.0901,-0.0901
M0347,2026-02-26,DranSword,ImpactDrake,2,4,1034.28,1171.05,1027.52,1175.05,Xtreme,Xtreme,season,S1,1,5,25.2818,22.8761,40.0966,23.7009,0.3127,0.6873,0.1441,0.8559
M0348,2026-02-26,CobaltDragoon,LeonCrest,0,4,1078.81,1103.18,1061.38,1127.88,Xtreme,Xtreme,season,S1,1,5,25.7577,26.7839,37.5015,53.123,0.465,0.535,0.0,1.0
M0349,2026-02-26,CerberusFlame,ScorpioSpear,3,4,1008.99,1112.06,1003.75,1120.65,Xtreme,Xtreme,season,S1,1,5,23.9889,26.258,27.7691,45.5181,0.3559,0.6441,0.1672,0.8328
M0350,2026-02-26,ScorpioSpear,ViperTail,0,5,1120.65,1005.87,1090.3,1027.5,Xtreme,Xtreme,season,S1,1,6,25.7577,26.258,40.4871,28.8549,0.6594,0.3406,-0.0901,1.0901
M0351,2026-02-26,LeonCrest,CerberusFlame,4,1,1127.88,1003.75,1140.46,996.06,Xtreme,Xtreme,season,S1,1,6,26.258,23.5993,52.7238,32.2764,0.6714,0.3286,0.9099,0.0901
M0352,2026-02-26,ImpactDrake,CobaltDragoon,2,4,1175.05,1061.38,1160.16,1076.3,Xtreme,Xtreme,season,S1,1,6,22.5408,25.2818,28.973,29.0325,0.658,0.342,0.1441,0.8559
M0353,2026-02-26,FoxBrush,DranSword,1,5,1078.69,1027.52,1059.13,1052.1,Xtreme,Xtreme,season,S1,1,6,23.5993,24.8291,34.124,42.8933,0.5731,0.4269,0.0,1.0
M0354,2026-02-26,TuskMammoth,GolemRock,0,4,1123.68,1064.87,1105.52,1081.68,Xtreme,Xtreme,season,S1,1,6,20.6092,22.8761,31.1187,28.7857,0.5838,0.4162,0.0,1.0
M0355,2026-02-26,PerseusDark,WyvernHover,0,4,1037.86,1036.38,1018.19,1058.83,Xtreme,Xtreme,season,S1,2,6,26.7839,33.7796,39.1659,44.7126,0.5021,0.4979,0.0,1.0
M0356,2026-02-26,KnightMail,SolEclipse,4,0,1020.38,977.11,1031.75,960.31,Xtreme,Xtreme,season,S1,2,6,25.7577,27.918,25.9458,38.3542,0.5619,0.4381,1.0,0.0
M0357,2026-02-26,WeissTiger,HellsReaper,0,4,1028.59,985.56,1008.88,1002.09,Xtreme,Xtreme,season,S1,2,6,27.918,26.258,35.0827,29.4383,0.5616,0.4384,0.0,1.0
M0358,2026-02-26,PhoenixWing,DranBrave,0,5,963.3,1047.37,950.47,1064.11,Xtreme,Xtreme,season,S1,2,6,25.2818,24.3985,27.2338,35.5027,0.3813,0.6187,-0.0901,1.0901
M0359,2026-02-26,DranDagger,SharkScale,2,5,966.57,1100.88,957.29,1111.03,Xtreme,Xtreme,season,S1,2,6,26.258,29.8468,41.1202,44.976,0.3158,0.6842,0.0901,0.9099
M0360,2026-02-26,SilverWolf,LeonClaw,2,5,991.63,1033.75,979.75,1045.38,Xtreme,Xtreme,season,S1,3,6,27.918,27.3368,33.9672,33.2816,0.4397,0.5603,0.0901,0.9099
M0361,2026-02-26,WizardRod,UnicornSting,2,4,972.51,980.51,961.0,989.74,Xtreme,Xtreme,season,S1,3,6,26.7839,26.258,33.4111,26.7959,0.4885,0.5115,0.1441,0.8559
M0362,2026-02-26,ValkyrieVolt,CrimsonGaruda,6,3,1148.21,968.73,1160.22,963.84,Xtreme,Xtreme,season,S1,3,6,33.7796,26.258,69.6621,28.4045,0.7375,0.2625,0.9099,0.0901
M0363,2026-02-26,SharkEdge,HellsChain,4,0,1001.57,1016.13,1020.1,1001.07,Xtreme,Xtreme,season,S1,3,6,24.8291,26.258,35.5663,28.9067,0.4791,0.5209,1.0,0.0
M0364,2026-02-26,WhaleWave,RhinoReaper,0,4,973.07,1009.27,956.35,1026.75,Xtreme,Xtreme,season,S1,3,6,26.7839,26.258,37.3255,39.0131,0.4481,0.5519,0.0,1.0
M0365,2026-02-26,LeonClaw,RhinoReaper,1,5,1045.38,1026.75,1025.1,1047.32,Xtreme,Xtreme,season,S1,3,7,26.7839,25.7577,38.4968,39.0424,0.5268,0.4732,0.0,1.0
M0366,2026-02-26,HellsChain,WhaleWave,5,0,1001.07,956.35,1016.2,937.59,Xtreme,Xtreme,season,S1,3,7,25.7577,26.258,28.7596,35.6644,0.564,0.436,1.0901,-0.0901
M0367,2026-02-26,CrimsonGaruda,SharkEdge,2,5,963.84,1020.1,954.66,1031.57,Xtreme,Xtreme,season,S1,3,7,25.7577,24.3985,27.8444,34.8209,0.4197,0.5803,0.0901,0.9099
M0368,2026-02-26,UnicornSting,ValkyrieVolt,2,4,989.74,1160.22,986.2,1168.62,Xtreme,Xtreme,season,S1,3,7,25.7577,32.9125,27.5616,65.3108,0.2726,0.7274,0.1441,0.8559
M0369,2026-02-26,SilverWolf,WizardRod,4,0,979.75,961.0,998.38,945.93,Xtreme,Xtreme,season,S1,3,7,27.3368,26.258,39.3721,31.8501,0.527,0.473,1.0,0.0
M0370,2026-02-26,WyvernHover,SharkScale,2,4,1058.83,1111.03,1045.01,1122.49,Xtreme,Xtreme,season,S1,2,7,32.9125,29.1715,49.1259,40.73,0.4254,0.5746,0.1441,0.8559
M0371,2026-02-26,DranBrave,DranDagger,4,2,1064.11,957.29,1071.51,947.95,Xtreme,Xtreme,season,S1,2,7,23.9889,25.7577,35.7804,45.1637,0.6491,0.3509,0.8559,0.1441
M0372,2026-02-26,HellsReaper,PhoenixWing,2,4,1002.09,950.47,989.03,965.59,Xtreme,Xtreme,season,S1,2,7,25.7577,24.8291,30.393,35.1915,0.5738,0.4262,0.1441,0.8559
M0373,2026-02-26,SolEclipse,WeissTiger,0,4,960.31,1008.88,943.97,1021.49,Xtreme,Xtreme,season,S1,2,7,27.3368,27.3368,37.9546,29.2692,0.4306,0.5694,0.0,1.0
M0374,2026-02-26,PerseusDark,KnightMail,0,4,1018.19,1031.75,1000.25,1044.04,Xtreme,Xtreme,season,S1,2,7,26.258,25.2818,37.334,25.5779,0.4805,0.5195,0.0,1.0
M0375,2026-02-26,ViperTail,GolemRock,2,5,1027.5,1081.68,1018.61,1090.78,Xtreme,Xtreme,season,S1,1,7,25.7577,22.5408,26.7167,27.3664,0.4227,0.5773,0.0901,0.9099
M0376,2026-02-26,DranSword,TuskMammoth,5,0,1052.1,1105.52,1074.27,1089.32,Xtreme,Xtreme,season,S1,1,7,24.3985,20.3844,33.2721,24.3078,0.4237,0.5763,1.0901,-0.0901
M0377,2026-02-26,CobaltDragoon,FoxBrush,1,5,1076.3,1059.13,1057.06,1080.12,Xtreme,Xtreme,season,S1,1,7,24.8291,23.2287,36.661,39.9919,0.5247,0.4753,0.0,1.0
M0378,2026-02-26,CerberusFlame,ImpactDrake,3,5,996.06,1160.16,991.18,1163.27,Xtreme,Xtreme,season,S1,1,7,23.2287,22.2218,35.8772,22.9085,0.28,0.72,0.1441,0.8559
M0379,2026-02-26,ScorpioSpear,LeonCrest,5,2,1090.3,1140.46,1107.92,1116.03,Xtreme,Xtreme,season,S1,1,7,25.2818,25.7577,36.5839,50.7169,0.4283,0.5717,0.9099,0.0901
M0380,2026-02-26,HellsBrave,TyrannoRoar,3,6,1000,1000,983.6,1016.4,Xtreme,Xtreme,exhibition,,,,40.0,40.0,40.0,40.0,0.5,0.5,0.0901,0.9099
M0381,2026-02-26,TyrannoRoar,ClockMirage,4,0,1016.4,1000,1057.64,980.94,Xtreme,Xtreme,exhibition,,,,38.8295,40.0,86.5789,40.0,0.5236,0.4764,1.0,0.0
M0382,2026-02-26,ClockMirage,HellsBrave,0,5,980.94,983.6,925.64,1034.36,Xtreme,Xtreme,exhibition,,,,38.8295,38.8295,94.3271,86.5789,0.4962,0.5038,-0.0901,1.0901
M0383,2026-02-26,TyrannoBeat,TyrannoRoar,0,4,902.76,1057.64,888.31,1083.19,Xtreme,Xtreme,exhibition,,,,31.3031,37.7161,49.672,87.8593,0.2908,0.7092,0.0,1.0
M0384,2026-02-26,ClockMirage,EmperorMight,4,2,925.64,952.0,964.17,919.58,Xtreme,Xtreme,exhibition,,,,37.7161,37.7161,97.8367,82.3235,0.4621,0.5379,0.8559,0.1441
M0385,2026-02-26,ClockMirage,WizardRod,4,2,964.17,945.93,984.34,933.67,Xtreme,Xtreme,exhibition,,,,36.657,25.7577,61.1777,37.2106,0.5262,0.4738,0.8559,0.1441
M0386,2026-02-26,WolfHunt,SilverWolf,0,5,988.41,998.38,961.01,1016.37,Xtreme,Xtreme,exhibition,,,,37.7161,26.7839,47.5911,31.2534,0.4857,0.5143,-0.0901,1.0901
M0387,2026-02-26,TyrannoRoar,CobaltDrake,4,2,1083.19,937.41,1095.77,928.42,Xtreme,Xtreme,exhibition,,,,36.657,34.6912,79.8062,57.022,0.6983,0.3017,0.8559,0.1441
M0388,2026-02-26,HellsBrave,EmperorMight,4,0,1034.36,919.58,1050.61,892.34,Xtreme,Xtreme,exhibition,,,,37.7161,36.657,47.6934,79.9944,0.6594,0.3406,1.0,0.0
M0389,2026-02-26,PerseusDark,CerberusFlame,1,5,1000.25,991.18,985.46,1011.58,Xtreme,Xtreme,exhibition,,,,25.7577,22.8761,28.8309,39.7614,0.5131,0.4869,0.0,1.0
M0390,2026-03-01,ValkyrieVolt,SilverWolf,0,4,1168.62,1016.37,1125.35,1036.78,Xtreme,Xtreme,season,S1,3,8,32.0877,26.258,61.2723,28.909,0.7061,0.2939,0.0,1.0
M0391,2026-03-01,WizardRod,LeonClaw,0,5,933.67,1025.1,914.07,1039.22,Xtreme,Xtreme,season,S1,3,8,25.2818,26.258,42.4691,30.588,0.3714,0.6286,-0.0901,1.0901
M0392,2026-03-01,SharkEdge,UnicornSting,3,4,1031.57,986.2,1020.13,998.82,Xtreme,Xtreme,season,S1,3,8,23.9889,25.2818,28.7741,31.7361,0.5649,0.4351,0.1672,0.8328
M0393,2026-03-01,WhaleWave,CrimsonGaruda,0,4,937.59,954.66,917.28,970.79,Xtreme,Xtreme,season,S1,3,8,25.7577,25.2818,42.7109,33.9217,0.4754,0.5246,0.0,1.0
M0394,2026-03-01,RhinoReaper,HellsChain,3,4,1047.32,1016.2,1035.54,1026.44,Xtreme,Xtreme,season,S1,3,8,25.2818,25.2818,31.217,27.1175,0.5447,0.4553,0.1672,0.8328
M0395,2026-03-01,UnicornSting,WhaleWave,3,5,998.82,917.28,987.03,937.41,Xtreme,Xtreme,season,S1,3,9,24.8291,25.2818,25.0251,42.7351,0.6152,0.3848,0.1441,0.8559
M0396,2026-03-01,CrimsonGaruda,RhinoReaper,5,2,970.79,1035.54,987.19,1020.51,Xtreme,Xtreme,season,S1,3,9,24.8291,24.8291,32.6735,29.941,0.4079,0.5921,0.9099,0.0901
M0397,2026-03-01,LeonClaw,HellsChain,0,4,1039.22,1026.44,1024.28,1039.47,Xtreme,Xtreme,season,S1,3,9,25.7577,24.8291,28.8067,25.139,0.5184,0.4816,0.0,1.0
M0398,2026-03-01,SilverWolf,SharkEdge,4,2,1036.78,1020.13,1048.99,1011.22,Xtreme,Xtreme,season,S1,3,9,25.7577,23.5993,36.7748,26.8325,0.5239,0.4761,0.8559,0.1441
M0399,2026-03-01,WizardRod,ValkyrieVolt,0,4,914.07,1125.35,904.4,1136.61,Xtreme,Xtreme,season,S1,3,9,24.8291,31.3031,42.3062,49.2432,0.2286,0.7714,0.0,1.0
M0400,2026-03-01,WeissTiger,PerseusDark,4,0,1021.49,985.46,1034.94,973.28,Xtreme,Xtreme,season,S1,2,8,26.7839,25.2818,30.0084,27.1789,0.5517,0.4483,1.0,0.0
M0401,2026-03-01,KnightMail,WyvernHover,4,0,1044.04,1045.01,1056.78,1023.68,Xtreme,Xtreme,season,S1,2,8,24.8291,32.0877,25.4213,42.5334,0.4986,0.5014,1.0,0.0
M0402,2026-03-01,PhoenixWing,SolEclipse,4,3,965.59,943.97,976.29,932.23,Xtreme,Xtreme,season,S1,2,8,24.3985,26.7839,35.4838,38.9197,0.5311,0.4689,0.8328,0.1672
M0403,2026-03-01,DranDagger,HellsReaper,2,5,947.95,989.03,932.83,999.0,Xtreme,Xtreme,season,S1,2,8,25.2818,25.2818,43.0796,28.3901,0.4411,0.5589,0.0901,0.9099
M0404,2026-03-01,SharkScale,DranBrave,4,0,1122.49,1071.51,1141.99,1057.44,Xtreme,Xtreme,season,S1,2,8,28.5291,23.5993,45.6607,32.9346,0.5728,0.4272,1.0,0.0
M0405,2026-03-01,SolEclipse,DranDagger,3,4,932.23,932.83,920.18,946.39,Xtreme,Xtreme,season,S1,2,9,26.258,24.8291,36.2831,40.8715,0.4991,0.5009,0.1672,0.8328
M0406,2026-03-01,HellsReaper,SharkScale,1,5,999.0,1141.99,990.9,1155.45,Xtreme,Xtreme,season,S1,2,9,24.8291,27.918,26.5669,44.0878,0.3051,0.6949,0.0,1.0
M0407,2026-03-01,WyvernHover,DranBrave,2,4,1023.68,1057.44,1012.88,1065.58,Xtreme,Xtreme,season,S1,2,9,31.3031,23.2287,35.1294,26.4863,0.4516,0.5484,0.1441,0.8559
M0408,2026-03-01,PerseusDark,PhoenixWing,4,2,973.28,976.29,984.38,965.67,Xtreme,Xtreme,season,S1,2,9,24.8291,23.9889,30.8191,29.4796,0.4957,0.5043,0.8559,0.1441
M0409,2026-03-01,KnightMail,WeissTiger,2,4,1056.78,1034.94,1044.71,1045.85,Xtreme,Xtreme,season,S1,2,9,24.3985,26.258,31.171,28.1592,0.5314,0.4686,0.1441,0.8559
M0410,2026-03-01,ImpactDrake,ScorpioSpear,4,1,1163.27,1107.92,1170.93,1095.84,Xtreme,Xtreme,season,S1,1,8,21.9183,24.8291,23.1288,36.5125,0.579,0.421,0.9099,0.0901
M0411,2026-03-01,LeonCrest,ViperTail,0,6,1116.03,1018.61,1083.51,1044.82,Xtreme,Xtreme,season,S1,1,8,25.2818,25.2818,41.6541,33.5645,0.6366,0.3634,-0.1441,1.1441
M0412,2026-03-01,FoxBrush,CerberusFlame,5,0,1080.12,1011.58,1099.45,995.95,Xtreme,Xtreme,season,S1,1,8,22.8761,22.5408,39.2372,31.7173,0.5974,0.4026,1.0901,-0.0901
M0413,2026-03-01,TuskMammoth,CobaltDragoon,5,0,1089.32,1057.06,1101.85,1041.5,Xtreme,Xtreme,season,S1,1,8,20.1706,24.3985,23.0517,28.6093,0.5463,0.4537,1.0901,-0.0901
M0414,2026-03-01,GolemRock,DranSword,2,4,1090.78,1074.27,1079.98,1086.1,Xtreme,Xtreme,season,S1,1,8,22.2218,23.9889,28.4319,31.1578,0.5237,0.4763,0.1441,0.8559
M0415,2026-03-01,CerberusFlame,TuskMammoth,4,3,995.95,1101.85,1010.82,1091.15,Xtreme,Xtreme,season,S1,1,9,22.2218,19.9672,30.9219,22.2777,0.3521,0.6479,0.8328,0.1672
M0416,2026-03-01,CobaltDragoon,GolemRock,3,4,1041.5,1079.98,1034.08,1087.07,Xtreme,Xtreme,season,S1,1,9,23.9889,21.9183,26.7411,25.5336,0.4448,0.5552,0.1672,0.8328
M0417,2026-03-01,ViperTail,DranSword,4,1,1044.82,1086.1,1057.44,1074.78,Xtreme,Xtreme,season,S1,1,9,24.8291,23.5993,26.9032,24.1386,0.4409,0.5591,0.9099,0.0901
M0418,2026-03-01,ScorpioSpear,FoxBrush,3,4,1095.84,1099.45,1085.95,1109.17,Xtreme,Xtreme,season,S1,1,9,24.3985,22.5408,30.1649,29.6691,0.4948,0.5052,0.1672,0.8328
M0419,2026-03-01,LeonCrest,ImpactDrake,4,3,1083.51,1170.93,1097.34,1159.12,Xtreme,Xtreme,season,S1,1,9,24.8291,21.6297,30.3278,25.8881,0.3768,0.6232,0.8328,0.1672
